SEASON,PLAYER_ID_combine,FIRST_NAME,LAST_NAME,PLAYER_NAME,POSITION,HEIGHT_WO_SHOES,HEIGHT_WO_SHOES_FT_IN,HEIGHT_W_SHOES,HEIGHT_W_SHOES_FT_IN,WEIGHT,WINGSPAN,WINGSPAN_FT_IN,STANDING_REACH,STANDING_REACH_FT_IN,BODY_FAT_PCT,HAND_LENGTH,HAND_WIDTH,STANDING_VERTICAL_LEAP,MAX_VERTICAL_LEAP,LANE_AGILITY_TIME,MODIFIED_LANE_AGILITY_TIME,THREE_QUARTER_SPRINT,BENCH_PRESS,SPOT_FIFTEEN_CORNER_LEFT,SPOT_FIFTEEN_BREAK_LEFT,SPOT_FIFTEEN_TOP_KEY,SPOT_FIFTEEN_BREAK_RIGHT,SPOT_FIFTEEN_CORNER_RIGHT,SPOT_COLLEGE_CORNER_LEFT,SPOT_COLLEGE_BREAK_LEFT,SPOT_COLLEGE_TOP_KEY,SPOT_COLLEGE_BREAK_RIGHT,SPOT_COLLEGE_CORNER_RIGHT,SPOT_NBA_CORNER_LEFT,SPOT_NBA_BREAK_LEFT,SPOT_NBA_TOP_KEY,SPOT_NBA_BREAK_RIGHT,SPOT_NBA_CORNER_RIGHT,OFF_DRIB_FIFTEEN_BREAK_LEFT,OFF_DRIB_FIFTEEN_TOP_KEY,OFF_DRIB_FIFTEEN_BREAK_RIGHT,OFF_DRIB_COLLEGE_BREAK_LEFT,OFF_DRIB_COLLEGE_TOP_KEY,OFF_DRIB_COLLEGE_BREAK_RIGHT,ON_MOVE_FIFTEEN,ON_MOVE_COLLEGE,0,AST,BLK,DREB,FG3A,FG3M,FG3_PCT,FGA,FGM,FG_PCT,FTA,FTM,FT_PCT,GP,GS,LEAGUE_ID,MIN,OREB,PF,PLAYER_AGE,PLAYER_ID_rookie,PTS,REB,SEASON_ID,STL,TEAM_ABBREVIATION,TEAM_ID,TOV
2014,203919,Jordan,Adams,Jordan Adams,SG,75.5,6' 3.5'',76.75,6' 4.75'',208.8,82.0,6' 10'',102.0,8' 6'',10.8,8.5,7.5,24.5,29.5,12.13,3.05,3.5,,,,,,,5-5,3-5,5-5,3-5,3-5,4-5,3-5,2-5,3-5,5-5,4-6,4-6,5-6,,,,21-35,,,0.5,0.2,0.6,0.8,0.3,0.4,2.9,1.2,0.407,0.8,0.5,0.609,30.0,0.0,00,8.3,0.3,0.8,20.0,203919.0,3.1,0.9,2014-15,0.5,MEM,1610612763.0,0.5
2014,203937,Kyle,Anderson,Kyle Anderson,SF,79.5,6' 7.5'',80.5,6' 8.5'',230.1,86.75,7' 2.75'',107.5,8' 11.5'',13.35,8.25,8.75,,,,,,,,,,,,,,,,,,,,,,,,,,,,,,,0.8,0.2,2.0,0.3,0.1,0.273,2.7,0.9,0.348,0.4,0.3,0.643,33.0,8.0,00,10.9,0.2,0.8,21.0,203937.0,2.2,2.2,2014-15,0.5,SAS,1610612759.0,0.3
2014,203648,Thanasis,Antetokounmpo,Thanasis Antetokounmpo,SF,77.25,6' 5.25'',78.25,6' 6.25'',205.2,84.0,7' 0'',104.5,8' 8.5'',6.05,9.0,9.75,31.5,39.5,11.39,3.05,3.18,,,,,,,4-5,2-5,2-5,4-5,2-5,2-5,4-5,3-5,3-5,3-5,4-6,5-6,3-6,,,,,12-30,,0.0,0.0,0.5,0.5,0.0,0.0,2.0,1.5,0.75,0.0,0.0,0.0,2.0,0.0,00,3.1,0.0,1.0,23.0,203648.0,3.0,0.5,2015-16,0.0,NYK,1610612752.0,0.0
2014,203947,Jordan,Bachynski,Jordan Bachynski,PF,85.25,7' 1.25'',86.0,7' 2'',254.1,88.0,7' 4'',108.5,9' 0.5'',7.45,9.25,10.0,29.0,33.0,12.15,3.03,3.36,,0-5,3-5,3-5,5-5,4-5,,,,,,2-5,1-5,1-5,2-5,3-5,4-6,4-6,4-6,,,,19-30,,-1.0,,,,,,,,,,,,,,,,,,,,,,,,,,,
2014,203946,Cameron,Bairstow,Cameron Bairstow,PF,80.75,6' 8.75'',81.75,6' 9.75'',252.4,84.75,7' 0.75'',107.0,8' 11'',8.7,8.75,9.0,31.0,33.5,11.39,3.09,3.37,,5-5,4-5,4-5,3-5,4-5,,,,,,3-5,4-5,3-5,4-5,1-5,5-6,2-6,6-6,,,,21-37,,,0.1,0.1,0.1,0.0,0.0,0.0,0.8,0.2,0.214,0.3,0.2,0.8,18.0,1.0,00,3.5,0.3,0.4,24.0,203946.0,0.6,0.4,2014-15,0.1,CHI,1610612741.0,0.2
2014,203920,Khem,Birch,Khem Birch,PF,79.5,6' 7.5'',81.25,6' 9.25'',208.8,85.0,7' 1'',107.0,8' 11'',6.0,9.0,8.5,30.5,35.5,11.6,3.24,3.26,,3-5,2-5,2-5,4-5,2-5,,,,,,4-5,2-5,2-5,2-5,1-5,4-6,3-6,1-6,,,,18-36,,,0.8,0.5,2.6,0.0,0.0,0.0,3.0,1.6,0.54,1.5,1.0,0.689,42.0,0.0,00,13.8,1.7,1.3,25.0,203920.0,4.2,4.3,2017-18,0.4,ORL,1610612753.0,0.5
2014,203938,Alec,Brown,Alec Brown,PF,84.25,7' 0.25'',85.25,7' 1.25'',231.2,85.5,7' 1.5'',109.0,9' 1'',7.7,9.25,8.75,27.0,30.0,12.05,2.91,3.48,,3-5,4-5,5-5,4-5,5-5,,,,,,4-5,2-5,3-5,5-5,4-5,3-6,3-6,5-6,,,,22-36,,-1.0,,,,,,,,,,,,,,,,,,,,,,,,,,,
2014,203913,Jabari,Brown,Jabari Brown,SG,75.0,6' 3'',76.25,6' 4.25'',201.9,80.25,6' 8.25'',100.0,8' 4'',6.05,9.0,9.25,28.0,32.0,11.6,3.26,3.5,,,,,,,3-5,3-5,3-5,4-5,3-5,3-5,4-5,2-5,3-5,4-5,3-6,5-6,4-6,,,,21-36,,,2.1,0.1,1.7,3.3,1.2,0.371,8.9,3.7,0.412,4.5,3.4,0.753,19.0,5.0,00,29.9,0.2,1.7,22.0,203913.0,11.9,1.9,2014-15,0.6,LAL,1610612747.0,1.7
2014,203900,Markel,Brown,Markel Brown,SG,74.5,6' 2.5'',75.5,6' 3.5'',184.4,80.75,6' 8.75'',100.0,8' 4'',4.2,8.25,9.75,36.5,43.5,12.62,2.9,3.18,,,,,,,3-5,3-5,3-5,2-5,2-5,3-5,3-5,1-5,2-5,3-5,5-6,5-6,3-6,,,,18-32,,,0.8,0.3,1.9,1.4,0.4,0.266,4.5,1.6,0.362,1.2,1.0,0.825,47.0,29.0,00,16.6,0.3,1.2,23.0,203900.0,4.6,2.3,2014-15,0.7,BKN,1610612751.0,0.6
2014,203907,Deonte,Burton,Deonte Burton,PG,72.0,6' 0'',73.25,6' 1.25'',192.8,79.0,6' 7'',97.5,8' 1.5'',7.65,8.25,8.0,29.0,39.5,11.28,3.08,3.28,,,,,,,2-5,2-5,2-5,4-5,3-5,1-5,0-5,2-5,2-5,2-5,3-6,2-6,3-6,,,,19-33,,-1.0,,,,,,,,,,,,,,,,,,,,,,,,,,,
2014,203902,Semaj,Christon,Semaj Christon,PG,73.5,6' 1.5'',75.25,6' 3.25'',186,78.5,6' 6.5'',99.0,8' 3'',5.25,8.5,8.25,30.5,36.5,11.55,3.21,3.32,,,,,,,3-5,4-5,5-5,5-5,4-5,3-5,2-5,2-5,2-5,0-5,4-6,4-6,3-6,,,,27-39,,,2.0,0.1,1.1,1.0,0.2,0.19,3.5,1.2,0.345,0.5,0.3,0.548,64.0,1.0,00,15.2,0.3,1.2,24.0,203902.0,2.9,1.4,2016-17,0.4,OKC,1610612760.0,0.7
2014,203903,Jordan,Clarkson,Jordan Clarkson,PG,75.25,6' 3.25'',77.0,6' 5'',186.3,80.0,6' 8'',98.0,8' 2'',4.3,8.25,9.0,33.0,38.5,10.76,2.98,3.28,,,,,,,3-5,5-5,5-5,4-5,5-5,3-5,3-5,3-5,2-5,2-5,5-6,5-6,3-6,,,,22-33,,,3.5,0.2,2.3,2.1,0.6,0.314,10.1,4.5,0.448,2.7,2.2,0.829,59.0,38.0,00,25.0,0.9,1.8,23.0,203903.0,11.9,3.2,2014-15,0.9,LAL,1610612747.0,1.6
2014,203905,Aaron,Craft,Aaron Craft,PG,72.75,6' 0.75'',73.75,6' 1.75'',191.6,74.0,6' 2'',94.5,7' 10.5'',6.1,7.75,8.5,29.0,32.0,10.78,2.9,3.26,,,,,,,2-5,2-5,4-5,4-5,3-5,1-5,0-5,3-5,2-5,3-5,3-6,5-6,1-6,,,,22-34,,-1.0,,,,,,,,,,,,,,,,,,,,,,,,,,,
2014,203908,DeAndre,Daniels,DeAndre Daniels,SF,79.25,6' 7.25'',80.5,6' 8.5'',196,86.0,7' 2'',106.5,8' 10.5'',3.85,9.25,10.5,26.5,32.0,11.46,3.04,3.44,,,,,,,1-5,3-5,3-5,1-5,4-5,2-5,4-5,3-5,3-5,3-5,5-6,4-6,3-6,,,,23-34,,-1.0,,,,,,,,,,,,,,,,,,,,,,,,,,,
2014,203915,Spencer,Dinwiddie,Spencer Dinwiddie,PG,76.5,6' 4.5'',78.0,6' 6'',204.9,80.25,6' 8.25'',103.0,8' 7'',5.35,8.25,9.0,,,,,,,,,,,,,,,,,,,,,,,,,,,,,,,3.1,0.2,1.3,1.9,0.4,0.185,5.0,1.5,0.302,1.0,0.9,0.912,34.0,1.0,00,13.4,0.1,1.6,22.0,203915.0,4.3,1.4,2014-15,0.6,DET,1610612765.0,1.0
2014,203921,Cleanthony,Early,Cleanthony Early,SF,78.0,6' 6'',79.25,6' 7.25'',209.4,82.75,6' 10.75'',101.5,8' 5.5'',4.45,8.5,9.0,34.0,40.0,11.15,2.96,3.18,,,,,,,1-5,1-5,3-5,5-5,2-5,2-5,2-5,4-5,2-5,0-5,3-6,3-6,4-6,,,,17-35,,,0.9,0.3,1.9,2.2,0.6,0.262,5.5,1.9,0.355,1.2,0.9,0.75,39.0,7.0,00,16.6,0.6,1.5,24.0,203921.0,5.4,2.5,2014-15,0.6,NYK,1610612752.0,1.0
2014,203929,Melvin,Ejim,Melvin Ejim,SF,77.25,6' 5.25'',79.0,6' 7'',218.5,83.25,6' 11.25'',103.5,8' 7.5'',6.45,8.75,9.25,29.5,35.0,11.55,3.12,3.14,,,,,,,3-5,3-5,3-5,1-5,2-5,4-5,4-5,3-5,4-5,3-5,3-6,5-6,4-6,,,,24-36,,-1.0,,,,,,,,,,,,,,,,,,,,,,,,,,,
2014,203898,Tyler,Ennis,Tyler Ennis,PG,73.0,6' 1'',74.5,6' 2.5'',181.5,79.25,6' 7.25'',98.0,8' 2'',6.2,8.25,8.75,29.0,36.0,11.12,2.84,3.3,,,,,,,,,,,,,,,,,,,,,,,,,,1.8,0.3,0.8,0.8,0.3,0.333,2.6,1.1,0.429,0.3,0.3,1.0,8.0,0.0,00,7.3,0.1,0.4,20.0,203898.0,2.8,0.9,2014-15,0.0,PHX,1610612756.0,1.0
2014,203957,Dante,Exum,Dante Exum,SG,76.5,6' 4.5'',78.0,6' 6'',196.3,81.5,6' 9.5'',103.0,8' 7'',6.4,8.5,9.5,31.5,34.5,10.75,2.88,3.19,,,,,,,,,,,,,,,,,,,,,,,,,,2.4,0.2,1.3,3.2,1.0,0.314,5.1,1.8,0.349,0.4,0.2,0.625,82.0,41.0,00,22.2,0.3,1.8,19.0,203957.0,4.8,1.6,2014-15,0.5,UTA,1610612762.0,1.4
2014,203927,C.J.,Fair,C.J. Fair,SF,78.5,6' 6.5'',80.0,6' 8'',218.1,81.5,6' 9.5'',104.0,8' 8'',5.05,9.0,9.0,27.0,35.0,11.0,3.06,3.32,,,,,,,4-5,1-5,2-5,1-5,3-5,2-5,2-5,4-5,1-5,3-5,3-6,3-6,4-6,,,,27-36,,-1.0,,,,,,,,,,,,,,,,,,,,,,,,,,,
2014,203932,Aaron,Gordon,Aaron Gordon,PF,79.5,6' 7.5'',80.75,6' 8.75'',220.1,83.75,6' 11.75'',105.0,8' 9'',5.05,8.75,10.5,32.5,39.0,10.81,2.76,3.27,,,,,,,,,,,,,,,,,,,,,,,,,,0.7,0.5,2.6,1.0,0.3,0.271,4.4,2.0,0.447,1.3,0.9,0.721,47.0,8.0,00,17.0,1.0,1.8,19.0,203932.0,5.2,3.6,2014-15,0.4,ORL,1610612753.0,0.8
2014,203924,Jerami,Grant,Jerami Grant,SF,78.5,6' 6.5'',79.75,6' 7.75'',214,86.75,7' 2.75'',107.0,8' 11'',3.75,9.25,9.25,,,,,,,,,,,,1-5,1-5,1-5,2-5,3-5,2-5,3-5,2-5,2-5,3-5,4-6,2-6,3-6,,,,18-33,,,1.2,1.0,2.3,2.4,0.8,0.314,5.4,1.9,0.352,3.0,1.8,0.591,65.0,11.0,00,21.2,0.8,2.2,21.0,203924.0,6.3,3.0,2014-15,0.6,PHI,1610612755.0,1.3
2014,203798,P.J.,Hairston,P.J. Hairston,SG,76.25,6' 4.25'',77.25,6' 5.25'',228.8,81.0,6' 9'',101.0,8' 5'',8.2,8.75,9.75,32.0,37.0,11.12,,3.32,,,,,,,4-5,3-5,3-5,3-5,3-5,2-5,2-5,1-5,2-5,3-5,3-6,4-6,5-6,,,,19-31,,,0.5,0.3,1.6,3.6,1.1,0.301,6.0,1.9,0.323,0.8,0.7,0.861,45.0,2.0,00,15.3,0.5,1.4,22.0,203798.0,5.6,2.0,2014-15,0.5,CHA,1610612766.0,0.5
2014,203914,Gary,Harris,Gary Harris,SG,74.5,6' 2.5'',76.5,6' 4.5'',204.8,78.75,6' 6.75'',96.0,8' 0'',4.55,8.5,9.5,,,,,,,,,,,,,,,,,,,,,,,,,,,,,,,0.5,0.1,0.8,1.9,0.4,0.204,3.9,1.2,0.304,0.9,0.6,0.745,55.0,6.0,00,13.1,0.4,1.3,20.0,203914.0,3.4,1.2,2014-15,0.7,DEN,1610612743.0,0.7
2014,203925,Joe,Harris,Joe Harris,SG,76.75,6' 4.75'',78.25,6' 6.25'',215,78.0,6' 6'',100.0,8' 4'',6.2,8.5,9.75,28.5,33.5,11.11,2.92,3.31,,,,,,,4-5,3-5,3-5,3-5,5-5,2-5,4-5,3-5,3-5,4-5,5-6,5-6,4-6,,,,30-37,,,0.5,0.0,0.7,1.6,0.6,0.369,2.4,0.9,0.4,0.3,0.2,0.6,51.0,1.0,00,9.7,0.1,1.2,23.0,203925.0,2.7,0.8,2014-15,0.1,CLE,1610612739.0,0.5
2014,203918,Rodney,Hood,Rodney Hood,SF,79.25,6' 7.25'',80.5,6' 8.5'',208.2,80.5,6' 8.5'',103.0,8' 7'',7.45,8.5,8.5,29.0,36.0,11.21,3.14,3.38,,,,,,,1-5,3-5,4-5,4-5,3-5,3-5,2-5,4-5,4-5,2-5,5-6,4-6,5-6,,,,26-33,,,1.7,0.2,2.2,3.4,1.2,0.365,7.5,3.1,0.414,1.6,1.2,0.763,50.0,21.0,00,21.3,0.2,2.4,22.0,203918.0,8.7,2.3,2014-15,0.6,UTA,1610612762.0,0.9
2014,203928,Cory,Jefferson,Cory Jefferson,PF,79.75,6' 7.75'',81.0,6' 9'',218.4,84.5,7' 0.5'',105.0,8' 9'',5.25,8.75,9.75,33.0,37.5,12.63,3.39,3.36,,1-5,3-5,4-5,2-5,5-5,,,,,,3-5,5-5,1-5,3-5,2-5,0-6,3-6,5-6,,,,25-34,,,0.3,0.4,2.0,0.3,0.0,0.133,3.3,1.5,0.449,1.1,0.6,0.574,50.0,1.0,00,10.6,0.9,1.2,24.0,203928.0,3.7,2.9,2014-15,0.2,BKN,1610612751.0,0.4
2014,203910,Nick,Johnson,Nick Johnson,SG,73.5,6' 1.5'',75.0,6' 3'',198,79.25,6' 7.25'',96.5,8' 0.5'',6.05,8.75,9.75,33.5,41.5,10.8,2.95,3.27,,,,,,,4-5,5-5,3-5,3-5,4-5,1-5,3-5,3-5,3-5,2-5,5-6,5-6,4-6,,,,,19-36,,0.4,0.1,0.9,0.8,0.2,0.238,2.7,0.9,0.347,0.9,0.6,0.68,28.0,0.0,00,9.4,0.5,1.2,22.0,203910.0,2.6,1.4,2014-15,0.3,HOU,1610612745.0,0.7
2014,203930,Sean,Kilpatrick,Sean Kilpatrick,SG,74.5,6' 2.5'',76.25,6' 4.25'',218.7,79.0,6' 7'',99.0,8' 3'',9.2,9.0,9.0,,,,,,,,,,,,,,,,,,,,,,,,,,,,,,,1.0,0.0,1.3,3.3,1.0,0.308,5.0,1.8,0.35,1.0,1.0,1.0,4.0,0.0,00,17.9,0.3,0.8,25.0,203930.0,5.5,1.5,2014-15,0.8,MIN,1610612750.0,0.5
2014,203945,Alex,Kirk,Alex Kirk,PF,81.25,6' 9.25'',82.75,6' 10.75'',252,87.5,7' 3.5'',109.5,9' 1.5'',13.6,9.25,10.5,28.5,31.5,11.2,3.19,3.48,,0-5,3-5,3-5,4-5,4-5,,,,,,3-5,3-5,2-5,1-5,1-5,3-6,5-6,2-6,,,,27-40,,,0.2,0.0,0.0,0.0,0.0,0.0,0.8,0.2,0.25,0.4,0.4,1.0,5.0,0.0,00,2.8,0.2,0.2,23.0,203945.0,0.8,0.2,2014-15,0.0,CLE,1610612739.0,0.0
2014,203897,Zach,LaVine,Zach LaVine,PG,76.5,6' 4.5'',77.75,6' 5.75'',180.9,80.25,6' 8.25'',100.0,8' 4'',4.7,8.25,8.75,33.5,41.5,10.42,2.8,3.19,,,,,,,1-5,3-5,3-5,4-5,2-5,3-5,3-5,2-5,2-5,4-5,4-6,5-6,5-6,,,,21-32,,,3.6,0.1,2.4,2.2,0.7,0.341,8.8,3.7,0.422,2.3,1.9,0.842,77.0,40.0,00,24.7,0.4,2.1,20.0,203897.0,10.1,2.8,2014-15,0.7,MIN,1610612750.0,2.5
2014,203906,Devyn,Marble,Devyn Marble,SG,77.0,6' 5'',78.5,6' 6.5'',192.4,81.0,6' 9'',102.0,8' 6'',6.9,8.25,8.5,29.0,35.0,11.32,3.08,3.28,,,,,,,3-5,2-5,5-5,3-5,3-5,4-5,4-5,4-5,4-5,0-5,2-6,3-6,4-6,,,,19-39,,,1.1,0.1,1.6,1.4,0.3,0.182,2.8,0.9,0.318,1.0,0.3,0.313,16.0,7.0,00,13.0,0.3,0.9,22.0,203906.0,2.3,1.9,2014-15,0.6,ORL,1610612753.0,0.6
2014,203949,James,McAdoo,James McAdoo,PF,79.5,6' 7.5'',80.75,6' 8.75'',227.6,86.25,7' 2.25'',106.5,8' 10.5'',6.15,9.25,9.0,29.5,34.0,11.61,2.91,3.28,,4-5,3-5,4-5,0-5,4-5,,,,,,3-5,0-5,2-5,2-5,2-5,3-6,2-6,4-6,,,,25-48,,,0.1,0.6,1.5,0.0,0.0,0.0,2.9,1.6,0.545,1.7,0.9,0.56,15.0,0.0,00,9.1,1.0,1.4,22.0,203949.0,4.1,2.5,2014-15,0.3,GSW,1610612744.0,0.4
2014,203909,K.J.,McDaniels,K.J. McDaniels,SF,76.5,6' 4.5'',78.0,6' 6'',195.6,83.25,6' 11.25'',102.0,8' 6'',4.45,8.75,9.75,33.0,37.0,12.71,3.2,3.1,,,,,,,3-5,4-5,3-5,3-5,4-5,2-5,3-5,2-5,0-5,1-5,4-6,3-6,4-6,,,,23-39,,,1.3,1.3,2.5,2.8,0.8,0.293,8.1,3.2,0.399,2.5,1.9,0.756,52.0,15.0,00,25.4,1.2,2.3,22.0,203909.0,9.2,3.8,2014-15,0.8,PHI,1610612755.0,2.0
2014,203926,Doug,McDermott,Doug McDermott,SF,78.25,6' 6.25'',79.75,6' 7.75'',218,81.25,6' 9.25'',103.0,8' 7'',7.1,8.75,9.75,28.5,36.5,11.1,3.15,3.29,,,,,,,,,,,,,,,,,,,,,,,,,,0.2,0.0,1.0,1.1,0.4,0.317,3.0,1.2,0.402,0.4,0.3,0.667,36.0,0.0,00,8.9,0.2,0.8,23.0,203926.0,3.0,1.2,2014-15,0.1,CHI,1610612741.0,0.5
2014,203895,Jordan,McRae,Jordan McRae,SG,75.75,6' 3.75'',77.25,6' 5.25'',179.4,84.5,7' 0.5'',104.0,8' 8'',5.2,8.75,8.5,27.5,34.5,11.07,3.15,3.39,,,,,,,4-5,4-5,3-5,4-5,4-5,2-5,2-5,3-5,4-5,4-5,3-6,4-6,4-6,,,,,28-34,,1.4,0.0,0.9,1.6,0.4,0.273,3.7,1.6,0.423,2.1,1.7,0.8,7.0,0.0,00,11.8,0.3,1.0,25.0,203895.0,5.3,1.1,2015-16,0.4,PHX,1610612756.0,0.9
2014,203894,Shabazz,Napier,Shabazz Napier,PG,71.0,5' 11'',73.0,6' 1'',175.2,75.25,6' 3.25'',93.0,7' 9'',7.35,8.25,8.5,30.5,37.5,11.6,3.13,3.2,,,,,,,,,,,,,,,,,,,,,,,,,,2.5,0.1,1.9,2.3,0.8,0.364,4.5,1.7,0.382,1.1,0.9,0.786,51.0,10.0,00,19.8,0.3,1.5,23.0,203894.0,5.1,2.2,2014-15,0.8,MIA,1610612748.0,1.6
2014,203948,Johnny,O?Bryant III,Johnny O?Bryant III,PF,79.25,6' 7.25'',80.5,6' 8.5'',256.8,86.25,7' 2.25'',105.0,8' 9'',10.75,9.25,9.5,31.0,35.5,11.57,3.32,3.45,,3-5,3-5,2-5,2-5,4-5,,,,,,4-5,1-5,2-5,4-5,1-5,3-6,3-6,3-6,,,,23-36,,,0.5,0.1,1.1,0.0,0.0,0.0,3.5,1.3,0.367,0.8,0.4,0.444,34.0,15.0,00,10.8,0.8,1.3,22.0,203948.0,2.9,1.9,2014-15,0.1,MIL,1610612749.0,0.7
2014,203934,Lamar,Patterson,Lamar Patterson,SG,76.0,6' 4'',77.25,6' 5.25'',226,83.0,6' 11'',101.0,8' 5'',10.75,9.0,9.25,27.5,32.5,11.63,3.13,3.45,,,,,,,4-5,1-5,3-5,4-5,3-5,5-5,4-5,1-5,4-5,1-5,5-6,3-6,4-6,,,,23-35,,,1.1,0.1,1.3,1.4,0.3,0.245,2.3,0.8,0.35,0.6,0.5,0.727,35.0,0.0,00,11.3,0.1,1.3,24.0,203934.0,2.4,1.4,2015-16,0.3,ATL,1610612737.0,0.7
2014,203940,Adreian,Payne,Adreian Payne,PF,81.0,6' 9'',81.75,6' 9.75'',238.5,88.0,7' 4'',109.0,9' 1'',7.55,9.25,9.5,,,,,,,,,,,,,,,,,,,,,,,,,,,,,,,0.0,0.0,1.0,0.3,0.0,0.0,2.3,0.7,0.286,0.7,0.3,0.5,3.0,0.0,00,6.4,0.3,1.3,24.0,203940.0,1.7,1.3,2014-15,0.3,ATL,1610612737.0,0.0
2014,203901,Elfrid,Payton,Elfrid Payton,PG,74.5,6' 2.5'',75.75,6' 3.75'',185.4,80.0,6' 8'',98.5,8' 2.5'',5.65,8.75,9.0,31.5,35.5,11.06,2.92,3.23,,,,,,,,,,,,,,,,,,,,,,,,,,6.5,0.2,3.0,0.5,0.1,0.262,8.6,3.7,0.425,2.6,1.4,0.551,82.0,63.0,00,30.3,1.3,2.4,21.0,203901.0,8.9,4.3,2014-15,1.7,ORL,1610612753.0,2.5
2014,203939,Dwight,Powell,Dwight Powell,PF,81.5,6' 9.5'',83.0,6' 11'',234.4,84.5,7' 0.5'',105.0,8' 9'',6.2,9.0,9.25,28.5,35.0,11.28,2.88,3.2,,4-5,5-5,4-5,4-5,3-5,,,,,,3-5,1-5,4-5,1-5,4-5,5-6,3-6,4-6,,,,24-37,,,0.0,0.0,0.2,0.0,0.0,0.0,1.0,0.8,0.8,0.4,0.2,0.5,5.0,0.0,00,1.8,0.0,0.2,23.0,203939.0,1.8,0.2,2014-15,0.4,BOS,1610612738.0,0.4
2014,203944,Julius,Randle,Julius Randle,PF,79.75,6' 7.75'',81.0,6' 9'',249.7,84.0,7' 0'',105.5,8' 9.5'',9.4,8.75,8.25,29.0,35.5,11.45,3.14,3.27,,,,,,,,,,,,,,,,,,,,,,,,,,0.0,0.0,0.0,0.0,0.0,0.0,3.0,1.0,0.333,2.0,0.0,0.0,1.0,0.0,00,13.6,0.0,1.0,20.0,203944.0,2.0,0.0,2014-15,0.0,LAL,1610612747.0,1.0
2014,203922,Glenn,Robinson III,Glenn Robinson III,SF,77.5,6' 5.5'',78.75,6' 6.75'',211.4,82.0,6' 10'',100.5,8' 4.5'',5.05,9.0,9.5,36.5,41.5,11.22,3.04,3.15,,,,,,,4-5,3-5,3-5,4-5,4-5,2-5,2-5,3-5,3-5,3-5,6-6,5-6,5-6,,,,25-39,,,0.1,0.0,0.4,0.2,0.0,0.167,1.0,0.3,0.333,0.6,0.5,0.75,25.0,0.0,00,4.3,0.2,0.2,21.0,203922.0,1.2,0.6,2014-15,0.1,MIN,1610612750.0,0.1
2014,203941,LaQuinton,Ross,LaQuinton Ross,SF,78.5,6' 6.5'',79.5,6' 7.5'',238.7,85.75,7' 1.75'',106.0,8' 10'',16.3,8.75,9.75,25.0,31.0,11.97,3.52,3.44,,,,,,,2-5,3-5,2-5,3-5,3-5,3-5,4-5,3-5,3-5,3-5,5-6,4-6,5-6,,,,,26-34,-1.0,,,,,,,,,,,,,,,,,,,,,,,,,,,
2014,203935,Marcus,Smart,Marcus Smart,PG,74.0,6' 2'',75.25,6' 3.25'',227.2,81.25,6' 9.25'',99.0,8' 3'',10.55,9.0,8.75,33.0,36.0,10.82,2.96,3.26,,,,,,,,,,,,,,,,,,,,,,,,,,3.1,0.3,2.4,4.1,1.4,0.335,7.1,2.6,0.367,1.9,1.2,0.646,67.0,38.0,00,27.0,0.9,2.6,21.0,203935.0,7.8,3.3,2014-15,1.5,BOS,1610612738.0,1.3
2014,203893,Russ,Smith,Russ Smith,PG,71.5,5' 11.5'',72.75,6' 0.75'',160,75.5,6' 3.5'',95.0,7' 11'',3.5,8.25,8.5,29.5,34.0,11.57,3.01,3.27,,,,,,,3-5,4-5,3-5,3-5,2-5,5-5,3-5,1-5,1-5,3-5,4-6,5-6,3-6,,,,25-36,,,0.3,0.0,0.5,1.0,0.2,0.167,1.7,0.3,0.2,0.0,0.0,0.0,6.0,0.0,00,4.9,0.0,1.0,24.0,203893.0,0.8,0.5,2014-15,0.0,NOP,1610612740.0,1.2
2014,203917,Nik,Stauskas,Nik Stauskas,SG,77.25,6' 5.25'',78.5,6' 6.5'',206.9,79.75,6' 7.75'',102.0,8' 6'',12.05,8.5,8.5,29.0,35.5,10.79,2.92,3.27,,,,,,,,,,,,,,,,,,,,,,,,,,0.9,0.2,1.1,2.0,0.7,0.322,4.1,1.5,0.365,0.9,0.8,0.859,73.0,1.0,00,15.4,0.2,1.3,21.0,203917.0,4.4,1.2,2014-15,0.3,SAC,1610612758.0,0.5
2014,203950,Jarnell,Stokes,Jarnell Stokes,PF,79.0,6' 7'',80.5,6' 8.5'',262.8,85.25,7' 1.25'',103.5,8' 7.5'',8.2,9.75,10.5,31.0,36.0,11.92,3.2,3.26,,5-5,4-5,5-5,4-5,2-5,,,,,,3-5,1-5,0-5,2-5,3-5,4-6,5-6,3-6,,,,21-36,,,0.2,0.3,0.9,0.0,0.0,0.0,1.9,1.1,0.568,1.5,0.8,0.536,19.0,2.0,00,6.6,0.8,1.3,21.0,203950.0,3.0,1.8,2014-15,0.3,MEM,1610612763.0,0.4
2014,203904,Xavier,Thames,Xavier Thames,PG,74.25,6' 2.25'',75.5,6' 3.5'',187,76.0,6' 4'',96.0,8' 0'',6.4,8.25,9.0,29.0,32.5,11.48,3.02,3.48,,,,,,,3-5,4-5,5-5,3-5,4-5,4-5,4-5,2-5,3-5,3-5,5-6,4-6,5-6,,,,22-26,,-1.0,,,,,,,,,,,,,,,,,,,,,,,,,,,
2014,203943,Noah,Vonleh,Noah Vonleh,PF,80.0,6' 8'',81.5,6' 9.5'',247.1,88.25,7' 4.25'',108.0,9' 0'',7.3,9.75,11.75,31.0,37.0,11.45,3.29,3.28,,,,,,,,,,,,,,,,,,,,,,,,,,0.2,0.4,2.3,0.5,0.2,0.385,3.0,1.2,0.395,1.0,0.7,0.692,25.0,0.0,00,10.3,1.1,0.8,19.0,203943.0,3.3,3.4,2014-15,0.2,CHA,1610612766.0,0.4
2014,203933,T.J.,Warren,T.J. Warren,SF,79.0,6' 7'',80.25,6' 8.25'',220.2,82.25,6' 10.25'',104.0,8' 8'',7.95,8.75,9.0,27.0,35.5,11.1,3.04,3.26,,,,,,,,,,,,,,,,,,,,,,,,,,0.6,0.2,1.1,0.5,0.1,0.238,5.4,2.8,0.528,0.5,0.4,0.737,40.0,1.0,00,15.4,1.0,1.3,21.0,203933.0,6.1,2.1,2014-15,0.5,PHX,1610612756.0,0.7
2014,203912,C.J.,Wilcox,C.J. Wilcox,SG,75.5,6' 3.5'',77.0,6' 5'',201,81.75,6' 9.75'',100.5,8' 4.5'',6.5,8.75,9.0,31.0,37.5,11.3,2.92,3.22,,,,,,,5-5,4-5,4-5,4-5,4-5,4-5,4-5,3-5,4-5,2-5,3-6,4-6,2-6,,,,23-34,,,0.4,0.0,0.3,0.9,0.3,0.368,1.8,0.8,0.421,0.1,0.1,1.0,21.0,0.0,00,4.8,0.0,0.3,24.0,203912.0,2.0,0.3,2014-15,0.1,LAC,1610612746.0,0.5
2014,203899,Kendall,Williams,Kendall Williams,PG,74.25,6' 2.25'',75.75,6' 3.75'',183,77.5,6' 5.5'',99.0,8' 3'',7.2,8.0,7.75,27.0,33.0,10.83,2.85,,,,,,,,2-5,2-5,2-5,4-5,2-5,2-5,3-5,1-5,2-5,3-5,3-6,2-6,6-6,,,,14-31,,-1.0,,,,,,,,,,,,,,,,,,,,,,,,,,,
2014,203923,James,Young,James Young,SG,77.25,6' 5.25'',78.75,6' 6.75'',213.3,84.0,7' 0'',104.0,8' 8'',5.1,9.0,9.5,28.0,35.5,,,,,,,,,,,,,,,,,,,,,,,,,,,,,0.4,0.1,1.1,2.1,0.5,0.258,3.3,1.2,0.353,0.9,0.5,0.552,31.0,0.0,00,10.7,0.3,0.7,19.0,203923.0,3.4,1.4,2014-15,0.3,BOS,1610612738.0,0.2
2014,203942,Patric,Young,Patric Young,PF,80.5,6' 8.5'',82.0,6' 10'',246.8,85.75,7' 1.75'',103.5,8' 7.5'',5.45,9.25,9.5,32.0,37.5,11.18,3.06,3.43,,4-5,4-5,3-5,3-5,1-5,,,,,,1-5,2-5,1-5,1-5,2-5,3-6,4-6,1-6,,,,14-35,,-1.0,,,,,,,,,,,,,,,,,,,,,,,,,,,
2015,1626146,Cliff,Alexander,Cliff Alexander,PF-C,79.25,6' 7.25'',80.5,6' 8.5'',239.2,87.5,7' 3.5'',109.5,9' 1.5'',5.8,9.5,10.25,,,,,,,,,,,,,,,,,,,,,,,,,,,,,,,0.0,0.3,0.5,0.0,0.0,0.0,1.3,0.6,0.5,0.0,0.0,0.0,8.0,0.0,00,4.5,0.3,0.1,20.0,1626146.0,1.3,0.8,2015-16,0.1,POR,1610612757.0,0.1
2015,1626147,Justin,Anderson,Justin Anderson,SF-SG,77.25,6' 5.25'',78.25,6' 6.25'',230.6,83.75,6' 11.75'',101.0,8' 5'',5.0,8.5,9.5,38.0,43.0,11.13,2.88,3.22,12.0,,,,,,5-5,2-5,1-5,4-5,4-5,3-5,3-5,3-5,0-5,0-5,7-8,6-8,6-8,,,,32-48,,,0.5,0.5,2.1,1.5,0.4,0.265,3.2,1.3,0.406,1.0,0.8,0.8,55.0,9.0,00,11.8,0.3,0.8,22.0,1626147.0,3.8,2.4,2015-16,0.3,DAL,1610612742.0,0.4
2015,1626165,Brandon,Ashley,Brandon Ashley,PF,79.25,6' 7.25'',80.5,6' 8.5'',228,87.75,7' 3.75'',105.0,8' 9'',8.8,9.0,9.5,31.5,35.5,11.21,3.35,3.58,9.0,,,,,,4-5,4-5,3-5,3-5,3-5,3-5,2-5,2-5,2-5,2-5,,,,4-8,6-8,5-8,,30-48,-1.0,,,,,,,,,,,,,,,,,,,,,,,,,,,
2015,1626207,Ryan,Boatright,Ryan Boatright,PG,70.0,5' 10'',71.0,5' 11'',169.6,72.5,6' 0.5'',92.5,7' 8.5'',6.6,7.5,8.75,32.0,41.0,10.71,3.05,3.26,10.0,,,,,,3-5,3-5,4-5,5-5,4-5,3-5,3-5,5-5,4-5,2-5,7-8,5-8,6-8,,,,22-29,,-1.0,,,,,,,,,,,,,,,,,,,,,,,,,,,
2015,1626164,Devin,Booker,Devin Booker,SG,76.5,6' 4.5'',77.75,6' 5.75'',205.8,80.25,6' 8.25'',102.5,8' 6.5'',8.3,8.75,9.0,27.5,34.5,10.27,2.75,3.28,8.0,,,,,,,,,,,,,,,,,,,,,,,,,2.6,0.3,2.1,3.8,1.3,0.343,11.4,4.8,0.423,3.4,2.8,0.84,76.0,51.0,00,27.7,0.4,3.0,19.0,1626164.0,13.8,2.5,2015-16,0.6,PHX,1610612756.0,2.1
2015,1626148,Anthony,Brown,Anthony Brown,SF-SG,77.75,6' 5.75'',79.25,6' 7.25'',211,83.0,6' 11'',104.5,8' 8.5'',6.1,8.5,9.0,27.5,34.5,10.94,3.29,3.18,4.0,,,,,,4-5,5-5,3-5,5-5,4-5,4-5,4-5,4-5,4-5,5-5,5-8,6-8,6-8,,,,30-44,,,0.7,0.2,2.1,2.4,0.7,0.286,4.3,1.3,0.31,0.7,0.6,0.85,29.0,11.0,00,20.6,0.3,1.2,23.0,1626148.0,4.0,2.4,2015-16,0.5,LAL,1610612747.0,0.5
2015,1626161,Willie,Cauley-Stein,Willie Cauley-Stein,C,83.25,6' 11.25'',84.5,7' 0.5'',242.4,87.0,7' 3'',111.0,9' 3'',6.3,9.5,9.0,,,,,,,,,,,,,,,,,,,,,,,,,,,,,,,0.6,1.0,3.3,0.0,0.0,0.0,5.1,2.9,0.563,1.9,1.2,0.648,66.0,39.0,00,21.4,2.0,2.2,22.0,1626161.0,7.0,5.3,2015-16,0.7,SAC,1610612758.0,0.7
2015,1626176,Rakeem,Christmas,Rakeem Christmas,PF-C,80.25,6' 8.25'',81.75,6' 9.75'',242.6,89.25,7' 5.25'',110.5,9' 2.5'',9.6,9.25,9.0,29.0,32.0,11.6,3.3,3.47,9.0,,,,,,2-5,4-5,3-5,4-5,3-5,3-5,1-5,1-5,1-5,3-5,,,,5-8,3-8,2-8,,27-44,,0.0,0.0,0.0,0.0,0.0,0.0,2.0,2.0,1.0,0.0,0.0,0.0,1.0,0.0,00,6.1,1.0,1.0,24.0,1626176.0,4.0,1.0,2015-16,0.0,IND,1610612754.0,0.0
2015,1626192,Pat,Connaughton,Pat Connaughton,SG,76.0,6' 4'',77.25,6' 5.25'',215,80.0,6' 8'',96.0,8' 0'',10.2,8.5,9.25,37.5,44.0,10.58,3.08,3.2,13.0,,,,,,5-5,3-5,5-5,2-5,4-5,4-5,5-5,3-5,2-5,3-5,6-8,2-8,4-8,,,,,15-32,,0.3,0.0,0.6,0.6,0.1,0.238,1.4,0.4,0.265,0.1,0.1,1.0,34.0,0.0,00,4.2,0.3,0.2,23.0,1626192.0,1.1,0.9,2015-16,0.1,POR,1610612757.0,0.3
2015,1626188,Quinn,Cook,Quinn Cook,PG,72.25,6' 0.25'',74.0,6' 2'',179,76.0,6' 4'',96.5,8' 0.5'',6.7,7.5,8.75,24.5,31.0,11.44,3.41,3.38,14.0,,,,,,5-5,5-5,5-5,5-5,5-5,2-5,3-5,5-5,4-5,3-5,5-8,4-8,6-8,,,,,34-49,,2.4,0.0,0.6,2.8,1.0,0.357,5.0,2.2,0.44,0.4,0.0,0.0,5.0,0.0,00,15.4,0.0,1.2,24.0,1626188.0,5.4,0.6,2016-17,0.2,DAL,1610612742.0,1.6
2015,1626183,Branden,Dawson,Branden Dawson,PF,77.5,6' 5.5'',78.75,6' 6.75'',230.2,83.0,6' 11'',105.0,8' 9'',5.8,9.0,8.75,28.5,34.5,12.22,3.53,3.2,12.0,,,,,,2-5,3-5,2-5,2-5,1-5,2-5,4-5,2-5,2-5,3-5,,,,5-8,3-8,4-8,,25-47,,0.0,0.2,0.3,0.0,0.0,0.0,0.8,0.3,0.4,0.2,0.2,1.0,6.0,0.0,00,4.8,0.3,0.3,23.0,1626183.0,0.8,0.7,2015-16,0.0,LAC,1610612746.0,0.0
2015,1626155,Sam,Dekker,Sam Dekker,SF,79.75,6' 7.75'',81.0,6' 9'',218.6,83.5,6' 11.5'',106.0,8' 10'',7.5,8.5,9.25,25.5,34.5,10.64,2.96,3.28,5.0,,,,,,,,,,,,,,,,,,,,,,,,,0.0,0.0,0.3,0.0,0.0,0.0,0.0,0.0,0.0,0.0,0.0,0.0,3.0,0.0,00,2.1,0.0,0.0,22.0,1626155.0,0.0,0.3,2015-16,0.3,HOU,1610612745.0,0.0
2015,1626187,Michael,Frazier II,Michael Frazier II,SG,75.75,6' 3.75'',76.25,6' 4.25'',199.4,80.0,6' 8'',101.5,8' 5.5'',7.4,8.25,9.25,27.0,35.0,10.66,3.02,3.32,10.0,,,,,,5-5,2-5,5-5,3-5,5-5,4-5,3-5,4-5,2-5,4-5,,,,4-8,5-8,6-8,,34-47,,0.1,0.0,0.3,1.0,0.3,0.25,1.4,0.5,0.364,0.8,0.5,0.667,8.0,0.0,00,8.2,0.1,1.6,26.0,1626187.0,1.8,0.4,2019-20,0.3,HOU,1610612745.0,0.3
2015,1626203,Treveon,Graham,Treveon Graham,SF,76.0,6' 4'',77.75,6' 5.75'',219.4,82.5,6' 10.5'',103.0,8' 7'',5.5,8.5,8.25,28.5,31.5,11.64,3.15,3.3,11.0,,,,,,2-5,4-5,3-5,4-5,1-5,3-5,3-5,3-5,4-5,5-5,4-8,6-8,2-8,,,,,32-41,,0.2,0.0,0.6,0.6,0.3,0.6,1.5,0.7,0.475,0.6,0.4,0.667,27.0,1.0,00,7.0,0.2,0.7,23.0,1626203.0,2.1,0.8,2016-17,0.2,CHA,1610612766.0,0.1
2015,1626170,Jerian,Grant,Jerian Grant,PG,75.25,6' 3.25'',76.25,6' 4.25'',198,79.5,6' 7.5'',100.0,8' 4'',5.6,8.25,8.5,,,,,,,,,,,,,,,,,,,,,,,,,,,,,,,2.3,0.1,1.6,1.3,0.3,0.22,5.1,2.0,0.394,1.6,1.3,0.78,76.0,6.0,00,16.6,0.3,1.3,23.0,1626170.0,5.6,1.9,2015-16,0.7,NYK,1610612752.0,1.1
2015,1626152,Olivier,Hanlan,Olivier Hanlan,PG-SG,75.25,6' 3.25'',76.25,6' 4.25'',185.8,78.0,6' 6'',100.0,8' 4'',4.3,8.0,8.75,28.0,34.0,11.41,3.12,3.25,19.0,,,,,,4-5,4-5,4-5,4-5,5-5,3-5,4-5,2-5,3-5,3-5,8-8,5-8,7-8,,,,,31-46,-1.0,,,,,,,,,,,,,,,,,,,,,,,,,,,
2015,1626149,Montrezl,Harrell,Montrezl Harrell,PF,79.0,6' 7'',79.5,6' 7.5'',253.4,88.25,7' 4.25'',109.0,9' 1'',11.9,9.0,9.75,,,,,,,,,,,,,,,,,,,,,,,,,,,,,,,0.4,0.3,1.0,0.0,0.0,0.0,2.3,1.5,0.644,1.2,0.6,0.522,39.0,1.0,00,9.7,0.6,1.2,22.0,1626149.0,3.6,1.7,2015-16,0.3,HOU,1610612745.0,0.4
2015,1626151,Aaron,Harrison,Aaron Harrison,SG,76.5,6' 4.5'',78.0,6' 6'',209.2,80.25,6' 8.25'',100.5,8' 4.5'',6.0,8.75,10.0,28.5,34.5,,,3.27,1.0,,,,,,5-5,2-5,3-5,3-5,3-5,0-5,1-5,1-5,3-5,3-5,2-8,5-8,4-8,,,,,21-41,,0.1,0.0,0.5,0.5,0.1,0.3,0.9,0.2,0.263,0.6,0.2,0.417,21.0,0.0,00,4.4,0.2,0.5,21.0,1626151.0,0.9,0.7,2015-16,0.3,CHA,1610612766.0,0.2
2015,1626150,Andrew,Harrison,Andrew Harrison,PG,76.5,6' 4.5'',77.5,6' 5.5'',213.2,81.0,6' 9'',100.0,8' 4'',5.9,8.25,9.25,26.5,33.0,11.2,,3.34,,,,,,,3-5,4-5,4-5,2-5,2-5,2-5,1-5,3-5,1-5,1-5,6-8,5-8,4-8,,,,,24-39,,2.8,0.3,1.6,2.2,0.6,0.276,5.0,1.6,0.325,2.7,2.1,0.763,72.0,18.0,00,20.5,0.3,2.7,22.0,1626150.0,5.9,1.9,2016-17,0.7,MEM,1610612763.0,1.2
2015,1626227,Tyler,Harvey,Tyler Harvey,SG,74.75,6' 2.75'',76.0,6' 4'',181.4,77.5,6' 5.5'',98.5,8' 2.5'',9.2,7.75,8.75,26.0,28.5,10.56,2.93,3.44,1.0,,,,,,5-5,5-5,3-5,4-5,3-5,1-5,4-5,2-5,3-5,3-5,4-8,6-8,6-8,,,,,26-45,-1.0,,,,,,,,,,,,,,,,,,,,,,,,,,,
2015,1626186,Corey,Hawkins,Corey Hawkins,SG-PG,72.75,6' 0.75'',73.75,6' 1.75'',191.8,80.0,6' 8'',99.5,8' 3.5'',5.5,8.75,9.0,28.5,34.0,10.81,,3.51,9.0,,,,,,,,,,,,,,,,,,,,,,,,-1.0,,,,,,,,,,,,,,,,,,,,,,,,,,,
2015,1626178,Rondae,Hollis-Jefferson,Rondae Hollis-Jefferson,SF,77.5,6' 5.5'',79.0,6' 7'',210.8,86.0,7' 2'',104.0,8' 8'',5.0,8.75,9.75,32.0,38.0,10.41,3.19,3.12,13.0,,,,,,,,,,,,,,,,,,,,,,,,,1.5,0.6,4.0,0.5,0.1,0.286,4.8,2.2,0.457,1.8,1.3,0.712,29.0,17.0,00,21.2,1.3,2.1,21.0,1626178.0,5.8,5.3,2015-16,1.3,BKN,1610612751.0,0.9
2015,1626182,Jonathan,Holmes,Jonathan Holmes,PF-SF,80.25,6' 8.25'',81.25,6' 9.25'',242.2,83.5,6' 11.5'',107.5,8' 11.5'',7.2,8.25,9.5,25.5,31.0,10.95,3.12,3.51,,,,,,,4-5,4-5,5-5,5-5,4-5,3-5,4-5,4-5,3-5,3-5,5-8,7-8,4-8,,,,,,-1.0,,,,,,,,,,,,,,,,,,,,,,,,,,,
2015,1626158,Richaun,Holmes,Richaun Holmes,PF,80.25,6' 8.25'',81.5,6' 9.5'',242.8,85.5,7' 1.5'',108.0,9' 0'',8.8,8.5,8.5,32.5,36.0,11.24,3.31,3.32,15.0,,,,,,5-5,2-5,2-5,2-5,3-5,1-5,1-5,1-5,3-5,2-5,6-8,5-8,1-8,,,,,28-47,,0.6,0.8,1.4,0.9,0.2,0.182,4.4,2.2,0.514,1.5,1.0,0.689,51.0,1.0,00,13.8,1.2,1.8,22.0,1626158.0,5.6,2.6,2015-16,0.4,PHI,1610612755.0,0.6
2015,1626154,R.J.,Hunter,R.J. Hunter,SG,76.5,6' 4.5'',78.0,6' 6'',185,82.5,6' 10.5'',104.0,8' 8'',6.0,8.5,8.25,27.5,33.5,10.87,2.91,3.26,1.0,,,,,,,,,,,,,,,,,,,,,,,,,0.4,0.1,1.0,1.8,0.5,0.302,2.7,1.0,0.367,0.2,0.2,0.857,36.0,0.0,00,8.7,0.1,0.8,22.0,1626154.0,2.7,1.0,2015-16,0.4,BOS,1610612738.0,0.3
2015,1626205,Vince,Hunter,Vince Hunter,PF,78.75,6' 6.75'',79.5,6' 7.5'',208.4,83.0,6' 11'',104.5,8' 8.5'',4.6,9.0,8.75,33.5,37.5,11.19,3.06,3.26,13.0,,,,,,1-5,0-5,4-5,3-5,2-5,0-5,2-5,1-5,2-5,4-5,,,,5-8,1-8,6-8,4-13,,,0.0,0.3,0.3,0.0,0.0,0.0,1.3,0.8,0.6,0.0,0.0,0.0,4.0,0.0,00,1.9,0.5,0.0,23.0,1626205.0,1.5,0.8,2017-18,0.0,MEM,1610612763.0,0.3
2015,1626177,Dakari,Johnson,Dakari Johnson,C,83.0,6' 11'',83.75,6' 11.75'',264.6,86.0,7' 2'',112.0,9' 4'',14.9,9.25,10.5,22.5,25.0,11.76,2.94,3.62,4.0,,,,,,,,,,,,,,,,,,,,,,,,,0.3,0.3,0.6,0.0,0.0,0.0,1.3,0.7,0.564,0.6,0.4,0.55,31.0,6.0,00,5.2,0.5,0.9,22.0,1626177.0,1.8,1.1,2017-18,0.2,OKC,1610612760.0,0.1
2015,1626169,Stanley,Johnson,Stanley Johnson,SF,77.0,6' 5'',78.5,6' 6.5'',241.8,83.5,6' 11.5'',102.0,8' 6'',7.5,9.0,9.0,,,,,,,,,,,,,,,,,,,,,,,,,,,,,,,1.6,0.2,3.4,2.8,0.9,0.307,8.2,3.1,0.375,1.4,1.1,0.784,73.0,6.0,00,23.1,0.8,2.4,20.0,1626169.0,8.1,4.2,2015-16,0.8,DET,1610612765.0,1.6
2015,1626145,Tyus,Jones,Tyus Jones,PG,72.5,6' 0.5'',74.0,6' 2'',184.6,77.0,6' 5'',97.0,8' 1'',6.5,8.25,8.75,26.5,32.5,11.84,2.95,3.32,2.0,,,,,,,,,,,,,,,,,,,,,,,,,2.9,0.1,1.1,1.4,0.4,0.302,4.2,1.5,0.359,1.1,0.8,0.718,37.0,0.0,00,15.5,0.2,0.9,20.0,1626145.0,4.2,1.3,2015-16,0.8,MIN,1610612750.0,0.9
2015,1626163,Frank,Kaminsky,Frank Kaminsky,C-PF,83.75,6' 11.75'',84.75,7' 0.75'',231.2,83.0,6' 11'',109.5,9' 1.5'',9.4,8.5,9.5,,,,,,,,,,,,,,,,,,,,,,,,,,,,,,,1.2,0.5,3.3,2.5,0.8,0.337,6.5,2.7,0.41,1.8,1.3,0.73,81.0,3.0,00,21.1,0.9,1.6,23.0,1626163.0,7.5,4.1,2015-16,0.5,CHA,1610612766.0,0.7
2015,1626172,Kevon,Looney,Kevon Looney,PF,80.0,6' 8'',81.25,6' 9.25'',222.4,87.5,7' 3.5'',110.0,9' 2'',11.9,9.5,9.25,,,,,,,,,,,,,,,,,,,,,,,,,,,,,,,0.0,0.0,1.2,0.4,0.2,0.5,1.4,0.8,0.571,0.0,0.0,0.0,5.0,0.0,00,4.1,0.8,0.4,20.0,1626172.0,1.8,2.0,2015-16,0.0,GSW,1610612744.0,0.2
2015,1626168,Trey,Lyles,Trey Lyles,PF,81.0,6' 9'',82.25,6' 10.25'',241.2,85.5,7' 1.5'',108.0,9' 0'',12.1,9.25,10.25,,,,,,,,,,,,,,,,,,,,,,,,,,,,,,,0.7,0.2,3.0,1.6,0.6,0.383,5.5,2.4,0.438,1.0,0.7,0.695,80.0,33.0,00,17.3,0.7,1.4,20.0,1626168.0,6.1,3.7,2015-16,0.3,UTA,1610612762.0,0.8
2015,1626185,Jarell,Martin,Jarell Martin,PF,80.0,6' 8'',81.25,6' 9.25'',238.6,81.0,6' 9'',106.5,8' 10.5'',10.1,8.25,9.5,28.5,35.0,11.2,2.97,3.27,19.0,,,,,,,,,,,,,,,,,,,,,,,,,0.6,0.3,1.7,0.1,0.0,0.0,4.3,2.0,0.466,2.3,1.7,0.726,27.0,0.0,00,14.1,1.4,2.1,22.0,1626185.0,5.7,3.2,2015-16,0.3,MEM,1610612763.0,0.7
2015,204456,TJ,McConnell,TJ McConnell,PG,72.5,6' 0.5'',74.0,6' 2'',187.8,74.0,6' 2'',96.5,8' 0.5'',7.3,7.5,7.0,26.0,31.5,10.95,3.09,3.3,7.0,,,,,,4-5,4-5,3-5,4-5,2-5,2-5,3-5,2-5,5-5,1-5,5-8,5-8,4-8,,,,,36-47,,4.5,0.1,2.6,1.1,0.4,0.348,5.7,2.7,0.47,0.5,0.3,0.634,81.0,17.0,00,19.8,0.5,1.4,24.0,204456.0,6.1,3.1,2015-16,1.2,PHI,1610612755.0,1.7
2015,1626191,Chris,McCullough,Chris McCullough,PF,80.25,6' 8.25'',81.0,6' 9'',199,87.25,7' 3.25'',109.0,9' 1'',6.2,8.75,8.75,,,,,,,,,,,,,,,,,,,,,,,,,,,,,,,0.4,0.5,1.8,1.4,0.5,0.382,4.5,1.8,0.404,1.0,0.5,0.478,24.0,4.0,00,15.1,1.0,1.6,21.0,1626191.0,4.7,2.8,2015-16,1.2,BKN,1610612751.0,0.6
2015,1626175,Jordan,Mickey,Jordan Mickey,PF,79.0,6' 7'',80.25,6' 8.25'',238,87.25,7' 3.25'',106.0,8' 10'',7.2,8.75,9.5,33.0,37.5,11.72,3.13,3.28,9.0,,,,,,3-5,2-5,3-5,5-5,1-5,2-5,1-5,3-5,3-5,2-5,,,,6-8,6-8,7-8,,28-47,,0.1,0.7,0.4,0.0,0.0,0.0,1.4,0.5,0.364,0.6,0.3,0.5,16.0,0.0,00,3.6,0.4,0.3,21.0,1626175.0,1.3,0.8,2015-16,0.0,BOS,1610612738.0,0.1
2015,2006,Larry,Nance,Larry Nance,PF,79.5,6' 7.5'',80.5,6' 8.5'',226.6,85.5,7' 1.5'',108.0,9' 0'',6.4,9.0,9.75,29.0,37.5,10.93,3.01,3.25,10.0,,,,,,4-5,1-5,2-5,4-5,3-5,5-5,3-5,2-5,3-5,3-5,7-8,5-8,6-8,,,,,29-44,-1.0,,,,,,,,,,,,,,,,,,,,,,,,,,,
2015,1626162,Kelly,Oubre,Kelly Oubre,SF-SG,77.75,6' 5.75'',78.75,6' 6.75'',202.8,86.25,7' 2.25'',102.5,8' 6.5'',5.7,9.0,8.75,34.5,37.0,11.09,3.12,3.32,7.0,,,,,,,,,,,,,,,,,,,,,,,,,0.2,0.1,1.7,1.3,0.4,0.316,3.3,1.4,0.427,0.8,0.5,0.633,63.0,9.0,00,10.7,0.4,1.6,20.0,1626162.0,3.7,2.1,2015-16,0.3,WAS,1610612764.0,0.5
2015,1626166,Cameron,Payne,Cameron Payne,PG,72.75,6' 0.75'',73.5,6' 1.5'',182.8,79.25,6' 7.25'',97.5,8' 1.5'',6.3,8.5,8.25,29.75,35.5,10.9,2.93,3.28,0.0,,,,,,5-5,3-5,3-5,4-5,4-5,3-5,4-5,1-5,3-5,3-5,1-8,5-8,6-8,,,,25-42,,,1.9,0.1,1.3,1.9,0.6,0.324,4.9,2.0,0.41,0.4,0.3,0.792,57.0,1.0,00,12.2,0.2,1.4,21.0,1626166.0,5.0,1.5,2015-16,0.6,OKC,1610612760.0,0.8
2015,1626189,Terran,Petteway,Terran Petteway,SG,76.75,6' 4.75'',78.0,6' 6'',209.2,83.25,6' 11.25'',104.5,8' 8.5'',4.9,8.25,8.25,25.0,31.0,10.91,3.1,3.32,15.0,,,,,,3-5,3-5,4-5,2-5,1-5,5-5,4-5,3-5,3-5,3-5,7-8,7-8,6-8,,,,,31-46,-1.0,,,,,,,,,,,,,,,,,,,,,,,,,,,
2015,1626171,Bobby,Portis,Bobby Portis,PF,81.5,6' 9.5'',82.5,6' 10.5'',246.2,86.0,7' 2'',108.5,9' 0.5'',8.9,9.5,9.25,25.0,31.5,11.78,3.28,3.56,5.0,,,,,,,,,,,,,,,,,,,,,,,,,0.8,0.4,3.5,0.8,0.3,0.308,7.0,3.0,0.427,1.1,0.8,0.727,62.0,4.0,00,17.8,2.0,1.6,21.0,1626171.0,7.0,5.4,2015-16,0.4,CHI,1610612741.0,0.9
2015,1626181,Norman,Powell,Norman Powell,SG,75.0,6' 3'',76.25,6' 4.25'',215.4,82.75,6' 10.75'',102.5,8' 6.5'',6.4,9.25,9.0,32.5,40.5,10.69,3.2,3.2,5.0,,,,,,4-5,2-5,5-5,1-5,4-5,3-5,2-5,2-5,1-5,3-5,8-8,6-8,5-8,,,,,26-42,,1.0,0.2,1.9,1.8,0.7,0.404,4.7,2.0,0.424,1.1,0.9,0.811,49.0,24.0,00,14.8,0.3,1.2,23.0,1626181.0,5.6,2.3,2015-16,0.6,TOR,1610612761.0,0.7
2015,1626180,Michael,Qualls,Michael Qualls,SG-SF,76.0,6' 4'',77.0,6' 5'',201.4,84.25,7' 0.25'',104.5,8' 8.5'',4.0,9.0,10.25,34.0,39.5,11.88,,3.18,9.0,,,,,,,,,,,,,,,,,,,,,,,,-1.0,,,,,,,,,,,,,,,,,,,,,,,,,,,
2015,1626184,Chasson,Randle,Chasson Randle,PG,72.25,6' 0.25'',73.5,6' 1.5'',178.8,79.0,6' 7'',96.5,8' 0.5'',4.5,8.5,9.5,33.5,39.5,10.63,2.81,3.2,6.0,,,,,,2-5,3-5,3-5,4-5,2-5,1-5,4-5,2-5,4-5,4-5,7-8,6-8,4-8,,,,,31-45,,0.8,0.1,0.6,1.9,0.8,0.4,3.3,1.5,0.462,1.5,1.5,1.0,8.0,0.0,00,9.2,0.0,1.4,24.0,1626184.0,5.3,0.6,2016-17,0.4,PHI,1610612755.0,0.4
2015,1626179,Terry,Rozier,Terry Rozier,PG-SG,72.5,6' 0.5'',74.25,6' 2.25'',190.2,80.25,6' 8.25'',98.5,8' 2.5'',5.6,8.25,8.5,33.0,38.0,10.84,2.84,3.15,7.0,,,,,,4-5,4-5,4-5,4-5,3-5,5-5,5-5,5-5,3-5,4-5,5-8,5-8,6-8,,,,38-47,,,0.9,0.0,1.0,0.7,0.2,0.222,2.7,0.7,0.274,0.3,0.2,0.8,39.0,0.0,00,8.0,0.6,0.6,22.0,1626179.0,1.8,1.6,2015-16,0.2,BOS,1610612738.0,0.5
2015,1626156,D?Angelo,Russell,D?Angelo Russell,PG-SG,75.25,6' 3.25'',77.0,6' 5'',193.4,81.75,6' 9.75'',102.0,8' 6'',8.3,8.75,9.75,,,,,,,,,,,,,,,,,,,,,,,,,,,,,,,3.3,0.2,2.8,4.6,1.6,0.351,12.0,4.9,0.41,2.4,1.8,0.737,80.0,48.0,00,28.2,0.6,1.8,20.0,1626156.0,13.2,3.4,2015-16,1.2,LAL,1610612747.0,2.5
2015,1626208,Keifer,Sykes,Keifer Sykes,PG,70.5,5' 10.5'',71.75,5' 11.75'',167.2,74.0,6' 2'',93.0,7' 9'',5.0,8.5,9.5,34.0,43.0,10.47,3.15,3.13,8.0,,,,,,4-5,3-5,5-5,3-5,2-5,4-5,1-5,3-5,1-5,1-5,4-8,4-8,5-8,,,,,33-44,-1.0,,,,,,,,,,,,,,,,,,,,,,,,,,,
2015,1626194,Marcus,Thornton,Marcus Thornton,PG-SG,73.75,6' 1.75'',74.75,6' 2.75'',177.4,79.75,6' 7.75'',97.5,8' 1.5'',5.3,8.25,8.5,34.5,43.0,10.78,2.88,3.02,3.0,,,,,,3-5,2-5,2-5,2-5,2-5,3-5,4-5,3-5,2-5,1-5,2-8,6-8,5-8,,,,,28-45,-1.0,,,,,,,,,,,,,,,,,,,,,,,,,,,
2015,1626160,J.P.,Tokoto,J.P. Tokoto,SF-SG,77.25,6' 5.25'',78.25,6' 6.25'',195.8,82.0,6' 10'',100.5,8' 4.5'',4.1,8.0,8.75,34.5,40.0,10.97,3.2,3.27,12.0,,,,,,1-5,4-5,1-5,3-5,4-5,3-5,1-5,1-5,2-5,2-5,5-8,4-8,5-8,,,,,28-47,-1.0,,,,,,,,,,,,,,,,,,,,,,,,,,,
2015,1626167,Myles,Turner,Myles Turner,C-PF,81.75,6' 9.75'',83.5,6' 11.5'',238.6,88.0,7' 4'',112.0,9' 4'',9.3,9.25,9.25,,,,,,,,,,,,,,,,,,,,,,,,,,,,,,,0.7,1.4,4.4,0.2,0.1,0.214,8.8,4.4,0.498,2.0,1.5,0.727,60.0,30.0,00,22.8,1.1,2.6,20.0,1626167.0,10.3,5.5,2015-16,0.4,IND,1610612754.0,1.1
2015,1626193,Robert,Upshaw,Robert Upshaw,C,82.75,6' 10.75'',84.0,7' 0'',258.2,89.5,7' 5.5'',113.0,9' 5'',12.5,10.0,11.0,,,,,,,,,,,,,,,,,,,,,,,,,,,,,,-1.0,,,,,,,,,,,,,,,,,,,,,,,,,,,
2015,1626173,Rashad,Vaughn,Rashad Vaughn,SG,75.75,6' 3.75'',77.0,6' 5'',198.6,79.0,6' 7'',101.0,8' 5'',6.2,8.0,8.5,28.0,34.0,11.4,3.1,3.21,5.0,,,,,,3-5,3-5,4-5,2-5,4-5,,,,,,5-6,4-6,8-8,,,,28-40,,,0.6,0.2,1.1,2.1,0.6,0.293,3.8,1.2,0.305,0.2,0.2,0.8,70.0,6.0,00,14.3,0.2,1.0,19.0,1626173.0,3.1,1.3,2015-16,0.4,MIL,1610612749.0,0.4
2015,1626217,Chris,Walker,Chris Walker,PF,80.75,6' 8.75'',81.25,6' 9.25'',208,86.75,7' 2.75'',108.0,9' 0'',5.1,9.0,9.0,30.5,37.0,11.25,3.41,3.35,6.0,,,,,,3-5,2-5,1-5,3-5,2-5,5-5,2-5,2-5,0-5,1-5,,,,2-8,5-8,5-8,3-14,,-1.0,,,,,,,,,,,,,,,,,,,,,,,,,,,
2015,1627361,Dez,Wells,Dez Wells,SG,75.0,6' 3'',76.0,6' 4'',208.8,81.5,6' 9.5'',100.5,8' 4.5'',8.1,8.75,9.75,31.5,39.0,10.56,3.05,3.2,15.0,,,,,,3-5,4-5,3-5,3-5,2-5,3-5,0-5,2-5,2-5,2-5,4-8,7-8,4-8,,,,,29-46,-1.0,,,,,,,,,,,,,,,,,,,,,,,,,,,
2015,1626210,Alan,Williams,Alan Williams,PF,79.25,6' 7.25'',80.25,6' 8.25'',261.4,85.75,7' 1.75'',106.5,8' 10.5'',12.0,8.5,9.5,25.5,28.5,12.26,3.54,3.5,8.0,,,,,,2-5,3-5,2-5,3-5,3-5,0-5,0-5,0-5,0-5,1-5,,,,7-8,3-8,2-8,5-12,,,0.5,0.5,2.4,0.0,0.0,0.0,2.4,1.0,0.417,1.4,0.9,0.643,10.0,0.0,00,6.8,1.4,1.5,23.0,1626210.0,2.9,3.8,2015-16,0.4,PHX,1610612756.0,0.6
2015,1626159,Justise,Winslow,Justise Winslow,SF,76.5,6' 4.5'',78.5,6' 6.5'',221.8,82.25,6' 10.25'',104.5,8' 8.5'',5.3,8.5,9.25,,,,,,,,,,,,,,,,,,,,,,,,,,,,,,,1.5,0.3,4.1,1.5,0.4,0.276,5.9,2.5,0.422,1.5,1.0,0.684,78.0,8.0,00,28.6,1.0,2.4,20.0,1626159.0,6.4,5.2,2015-16,0.9,MIA,1610612748.0,1.2
2015,1626174,Christian,Wood,Christian Wood,PF,81.25,6' 9.25'',82.5,6' 10.5'',216,87.25,7' 3.25'',111.5,9' 3.5'',14.7,9.25,10.75,,,,,,,,,,,,,,,,,,,,,,,,,,,,,,,0.2,0.4,1.5,0.6,0.2,0.364,3.1,1.3,0.415,1.2,0.8,0.619,17.0,0.0,00,8.5,0.8,0.6,20.0,1626174.0,3.6,2.2,2015-16,0.3,PHI,1610612755.0,0.1
2015,1626153,Delon,Wright,Delon Wright,PG,76.25,6' 4.25'',77.5,6' 5.5'',181.4,79.5,6' 7.5'',101.5,8' 5.5'',6.6,8.0,8.5,29.5,31.0,11.16,3.5,3.29,4.0,,,,,,,,,,,,,,,,,,,,,,,,,1.1,0.1,1.1,0.5,0.2,0.385,3.0,1.3,0.45,1.3,1.0,0.743,27.0,1.0,00,8.5,0.3,0.3,24.0,1626153.0,3.8,1.4,2015-16,0.3,TOR,1610612761.0,0.6
2016,1627758,Ron,Baker,Ron Baker,SG,75.25,6' 3.25'',76.25,6' 4.25'',212.4,81.75,6' 9.75'',97.5,8' 1.5'',7.85,8.75,9.5,30.0,35.5,10.77,2.96,3.45,,,,,,,5-5,3-5,2-5,4-5,2-5,5-5,0-5,2-5,5-5,4-5,5-6,3-6,5-6,,,,25-32,,,2.1,0.2,1.7,1.7,0.4,0.267,4.2,1.6,0.378,0.8,0.5,0.651,52.0,13.0,00,16.5,0.2,1.4,24.0,1627758.0,4.1,1.9,2016-17,0.7,NYK,1610612752.0,1.1
2016,1627735,Wade,Baldwin IV,Wade Baldwin IV,PG,74.5,6' 2.5'',76.0,6' 4'',201.8,83.25,6' 11.25'',100.0,8' 4'',5.2,9.0,9.75,32.5,38.0,10.45,3.01,3.19,,,,,,,,,,,,,,,,,,,,,,,,,,1.8,0.2,1.1,0.7,0.1,0.136,3.5,1.1,0.313,1.1,0.9,0.838,33.0,1.0,00,12.3,0.3,1.2,21.0,1627735.0,3.2,1.4,2016-17,0.5,MEM,1610612763.0,1.2
2016,1627760,Cat,Barber,Cat Barber,PG,73.5,6' 1.5'',74.75,6' 2.75'',173,77.5,6' 5.5'',95.5,7' 11.5'',4.5,8.0,8.5,,,,,,,,,,,,,,,,,,,,,,,,,,,,,,-1.0,,,,,,,,,,,,,,,,,,,,,,,,,,,
2016,1627736,Malik,Beasley,Malik Beasley,SG,75.5,6' 3.5'',76.5,6' 4.5'',189.8,79.0,6' 7'',100.5,8' 4.5'',6.9,8.5,9.0,,,,0.0,,,,,,,,,,,,,,,,,,,,,,,,,,,0.5,0.0,0.5,1.3,0.4,0.321,3.3,1.5,0.452,0.5,0.4,0.8,22.0,1.0,00,7.5,0.2,0.5,20.0,1627736.0,3.8,0.8,2016-17,0.3,DEN,1610612743.0,0.4
2016,1627761,DeAndre,Bembry,DeAndre Bembry,SG-SF,76.25,6' 4.25'',77.75,6' 5.75'',206.6,81.25,6' 9.25'',101.0,8' 5'',7.0,8.0,9.25,32.0,38.0,10.9,2.87,3.17,,2-5,2-5,3-5,4-5,4-5,,,,,,1-5,4-5,2-5,1-5,4-5,2-6,2-6,3-6,,,,4-9,6-10,,0.7,0.1,1.2,0.5,0.0,0.056,2.6,1.2,0.48,0.4,0.2,0.375,38.0,1.0,00,9.8,0.4,0.6,22.0,1627761.0,2.7,1.6,2016-17,0.2,ATL,1610612737.0,0.4
2016,1627791,Ben,Bentil,Ben Bentil,PF,79.25,6' 7.25'',80.25,6' 8.25'',229.2,85.5,7' 1.5'',105.0,8' 9'',9.7,9.5,10.0,29.0,33.0,11.16,3.1,3.3,,2-5,3-5,4-5,4-5,4-5,,,,,,2-5,3-5,3-5,4-5,2-5,5-6,3-6,3-6,,,,20-30,,,0.0,0.0,0.7,0.3,0.0,0.0,1.0,0.0,0.0,0.0,0.0,0.0,3.0,0.0,00,3.3,0.0,0.3,22.0,1627791.0,0.0,0.7,2016-17,0.0,DAL,1610612742.0,0.3
2016,1628417,Jaron,Blossomgame,Jaron Blossomgame,SF,78.25,6' 6.25'',79.25,6' 7.25'',213.6,82.0,6' 10'',102.0,8' 6'',5.25,8.5,10.0,35.0,41.0,11.53,3.26,3.2,,1-5,4-5,3-5,2-5,1-5,,,,,,3-5,3-5,3-5,3-5,3-5,3-6,6-6,3-6,,,,7-11,7-11,,0.5,0.3,2.7,1.4,0.4,0.256,3.9,1.7,0.443,0.5,0.4,0.769,27.0,4.0,00,16.3,1.0,0.7,25.0,1628417.0,4.2,3.6,2018-19,0.3,CLE,1610612739.0,0.4
2016,1627762,Joel,Bolomboy,Joel Bolomboy,PF,79.5,6' 7.5'',81.0,6' 9'',224.4,85.75,7' 1.75'',103.5,8' 7.5'',5.15,9.0,10.25,37.5,40.5,10.26,2.86,3.17,,2-5,5-5,5-5,2-5,3-5,,,,,,3-5,2-5,3-5,2-5,4-5,5-6,4-6,4-6,,,,8-11,8-10,,0.2,0.2,1.1,0.3,0.1,0.25,1.3,0.8,0.563,0.5,0.3,0.5,12.0,0.0,00,4.4,0.3,0.1,23.0,1627762.0,1.8,1.4,2016-17,0.1,UTA,1610612762.0,0.2
2016,1627763,Malcolm,Brogdon,Malcolm Brogdon,SG,75.75,6' 3.75'',77.5,6' 5.5'',223,82.5,6' 10.5'',98.0,8' 2'',5.4,9.0,10.25,30.5,35.5,10.77,2.64,3.31,,3-5,5-5,4-5,4-5,5-5,,,,,,3-5,4-5,0-5,2-5,4-5,2-6,4-6,5-6,,,,9-11,9-11,,4.2,0.2,2.2,2.6,1.0,0.404,8.5,3.9,0.457,1.7,1.5,0.865,75.0,28.0,00,26.4,0.6,1.9,24.0,1627763.0,10.2,2.8,2016-17,1.1,MIL,1610612749.0,1.5
2016,1627759,Jaylen,Brown,Jaylen Brown,SG-SF,77.25,6' 5.25'',78.75,6' 6.75'',222.8,83.75,6' 11.75'',102.5,8' 6.5'',5.05,8.75,9.0,,,,,,,,,,,,,,,,,,,,,,,,,,,,,,,0.8,0.2,2.2,1.7,0.6,0.343,5.4,2.5,0.455,1.6,1.1,0.685,78.0,20.0,00,17.2,0.6,1.8,20.0,1627759.0,6.6,2.8,2016-17,0.4,BOS,1610612738.0,0.9
2016,1627737,Marquese,Chriss,Marquese Chriss,PF,80.75,6' 8.75'',82.0,6' 10'',233,84.25,7' 0.25'',105.0,8' 9'',8.5,9.0,9.0,32.5,38.5,11.93,3.05,3.26,,,,,,,,,,,,,,,,,,,,,,,,,,0.7,0.9,3.1,2.7,0.9,0.321,7.7,3.5,0.449,2.2,1.4,0.624,82.0,75.0,00,21.3,1.2,3.2,19.0,1627737.0,9.2,4.2,2016-17,0.8,PHX,1610612756.0,1.3
2016,1627765,Elgin,Cook,Elgin Cook,SF,77.0,6' 5'',78.25,6' 6.25'',209.8,82.0,6' 10'',100.5,8' 4.5'',6.35,8.5,10.25,,,,,,,,,,,,,,,,,,,,,,,,,,,,,,-1.0,,,,,,,,,,,,,,,,,,,,,,,,,,,
2016,1627766,Isaiah,Cousins,Isaiah Cousins,PG,75.25,6' 3.25'',76.5,6' 4.5'',194,78.25,6' 6.25'',98.5,8' 2.5'',4.8,8.25,8.75,30.5,37.0,10.79,2.97,3.24,,,,,,,4-5,5-5,2-5,3-5,4-5,4-5,3-5,2-5,4-5,4-5,5-6,5-6,5-6,,,,22-33,,-1.0,,,,,,,,,,,,,,,,,,,,,,,,,,,
2016,1627738,Deyonta,Davis,Deyonta Davis,PF,81.25,6' 9.25'',82.5,6' 10.5'',237.2,86.5,7' 2.5'',108.5,9' 0.5'',9.7,9.0,9.25,,,,,,,,,,,,,,,,,,,,,,,,,,,,,,,0.1,0.5,1.1,0.0,0.0,0.0,1.3,0.7,0.511,0.5,0.3,0.556,36.0,0.0,00,6.6,0.6,1.1,20.0,1627738.0,1.6,1.7,2016-17,0.1,MEM,1610612763.0,0.2
2016,1627767,Cheick,Diallo,Cheick Diallo,PF,79.5,6' 7.5'',81.0,6' 9'',218.6,88.5,7' 4.5'',107.5,8' 11.5'',5.6,8.5,9.75,31.0,35.0,11.24,3.3,3.26,,2-5,3-5,3-5,4-5,5-5,,,,,,2-5,4-5,2-5,0-5,2-5,3-6,5-6,3-6,,,,15-32,,,0.2,0.4,2.9,0.0,0.0,0.0,4.5,2.1,0.474,1.2,0.9,0.714,17.0,0.0,00,11.7,1.4,1.0,20.0,1627767.0,5.1,4.3,2016-17,0.2,NOP,1610612740.0,0.4
2016,1627739,Kris,Dunn,Kris Dunn,PG,75.0,6' 3'',76.25,6' 4.25'',,81.5,6' 9.5'',100.0,8' 4'',,,,,,,,,,,,,,,,,,,,,,,,,,,,,,,,,,2.4,0.5,1.8,0.9,0.3,0.288,4.0,1.5,0.377,0.8,0.5,0.61,78.0,7.0,00,17.1,0.3,2.3,23.0,1627739.0,3.8,2.1,2016-17,1.0,MIN,1610612750.0,1.1
2016,1627740,Henry,Ellenson,Henry Ellenson,PF,82.0,6' 10'',83.5,6' 11.5'',242,86.25,7' 2.25'',108.0,9' 0'',11.2,8.5,9.75,,,,,,,,,,,,,,,,,,,,,,,,,,,,,,,0.4,0.1,1.7,1.8,0.5,0.286,3.4,1.2,0.359,0.4,0.2,0.5,19.0,2.0,00,7.7,0.4,0.3,20.0,1627740.0,3.2,2.2,2016-17,0.1,DET,1610612765.0,0.7
2016,1627768,Perry,Ellis,Perry Ellis,PF,79.0,6' 7'',80.25,6' 8.25'',217.8,82.25,6' 10.25'',102.0,8' 6'',4.6,8.0,8.5,32.0,38.0,10.73,3.03,3.13,,4-5,5-5,5-5,4-5,5-5,,,,,,2-5,2-5,3-5,3-5,0-5,2-6,2-6,5-6,,,,25-32,,-1.0,,,,,,,,,,,,,,,,,,,,,,,,,,,
2016,1627770,Kay,Felder,Kay Felder,PG,68.25,5' 8.25'',69.5,5' 9.5'',177.2,74.5,6' 2.5'',88.5,7' 4.5'',5.8,8.25,8.5,35.5,44.0,11.52,2.9,3.15,,1-5,3-5,5-5,2-5,4-5,,,,,,2-5,0-5,4-5,3-5,4-5,1-6,3-6,4-6,,,,7-11,7-10,,1.4,0.2,0.9,0.5,0.2,0.318,3.8,1.5,0.392,1.2,0.8,0.714,42.0,0.0,00,9.2,0.1,0.9,22.0,1627770.0,4.0,1.0,2016-17,0.4,CLE,1610612739.0,0.7
2016,1627827,Dorian,Finney-Smith,Dorian Finney-Smith,SF,78.5,6' 6.5'',79.75,6' 7.75'',212.6,83.75,6' 11.75'',105.5,8' 9.5'',6.45,9.0,9.75,32.5,35.5,11.01,3.04,3.27,,4-5,5-5,4-5,4-5,2-5,,,,,,5-5,4-5,3-5,2-5,2-5,2-6,5-6,5-6,,,,22-33,,,0.8,0.3,2.1,2.4,0.7,0.293,4.1,1.5,0.372,0.8,0.6,0.754,81.0,35.0,00,20.3,0.7,1.5,24.0,1627827.0,4.3,2.7,2016-17,0.6,DAL,1610612742.0,0.6
2016,1627771,Michael,Gbinije,Michael Gbinije,SG,77.5,6' 5.5'',78.75,6' 6.75'',204.6,79.5,6' 7.5'',101.0,8' 5'',5.4,8.0,9.0,33.5,37.5,11.0,3.19,3.12,,3-5,1-5,2-5,4-5,2-5,,,,,,4-5,4-5,1-5,2-5,2-5,3-6,3-6,4-6,,,,7-11,6-11,,0.2,0.0,0.1,0.4,0.0,0.0,1.1,0.1,0.1,0.2,0.2,1.0,9.0,0.0,00,3.5,0.2,0.2,25.0,1627771.0,0.4,0.3,2016-17,0.0,DET,1610612765.0,0.0
2016,1627772,Daniel,Hamilton,Daniel Hamilton,SG-SF,78.25,6' 6.25'',80.0,6' 8'',197,81.0,6' 9'',103.5,8' 7.5'',5.95,9.0,8.5,26.0,29.0,11.48,3.2,3.4,,3-5,2-5,2-5,1-5,3-5,,,,,,1-5,4-5,1-5,3-5,2-5,3-6,6-6,4-6,,,,8-11,8-11,,1.3,0.0,0.8,0.8,0.3,0.4,1.8,0.8,0.455,0.0,0.0,0.0,6.0,0.0,00,4.6,0.0,0.3,22.0,1627772.0,2.0,0.8,2017-18,0.2,OKC,1610612760.0,0.3
2016,1628404,Josh,Hart,Josh Hart,SG,76.0,6' 4'',77.5,6' 5.5'',203.6,80.5,6' 8.5'',99.5,8' 3.5'',5.75,8.5,9.25,29.5,38.5,11.15,3.15,3.2,,,,,,,4-5,4-5,4-5,3-5,5-5,4-5,3-5,3-5,1-5,4-5,3-6,2-6,3-6,,,,23-34,,,1.3,0.3,3.5,3.1,1.2,0.396,6.0,2.8,0.469,1.5,1.0,0.702,63.0,23.0,00,23.2,0.7,1.7,23.0,1628404.0,7.9,4.2,2017-18,0.7,LAL,1610612747.0,0.7
2016,1628502,Nigel,Hayes,Nigel Hayes,SF-PF,78.25,6' 6.25'',79.25,6' 7.25'',245,87.0,7' 3'',107.5,8' 11.5'',10.9,8.5,9.5,25.5,28.5,12.11,2.9,3.2,,2-5,2-5,3-5,4-5,2-5,,,,,,3-5,4-5,3-5,1-5,4-5,2-6,2-6,4-6,,,,7-11,6-10,,1.0,0.0,0.0,1.0,0.0,0.0,1.5,0.5,0.333,0.5,0.5,1.0,2.0,0.0,00,5.4,0.0,0.0,23.0,1628502.0,1.5,0.0,2017-18,0.0,LAL,1610612747.0,0.0
2016,1627741,Buddy,Hield,Buddy Hield,SG,75.75,6' 3.75'',77.0,6' 5'',212.4,81.25,6' 9.25'',101.0,8' 5'',6.1,8.5,9.0,,,,,,,,,,,,,,,,,,,,,,,,,,,,,,,1.4,0.1,2.6,4.2,1.6,0.369,8.3,3.2,0.393,0.6,0.5,0.879,57.0,37.0,00,20.4,0.3,1.4,24.0,1627741.0,8.6,2.9,2016-17,0.3,NOP,1610612740.0,0.8
2016,204211,Justin,Jackson,Justin Jackson,SF,79.0,6' 7'',80.25,6' 8.25'',193.4,82.75,6' 10.75'',103.5,8' 7.5'',7.6,8.75,8.75,29.5,34.5,11.32,2.96,3.26,,,,,,,5-5,4-5,5-5,2-5,3-5,4-5,2-5,1-5,3-5,2-5,2-6,3-6,5-6,,,,21-34,,-1.0,,,,,,,,,,,,,,,,,,,,,,,,,,,
2016,1627743,Demetrius,Jackson,Demetrius Jackson,PG,72.0,6' 0'',73.25,6' 1.25'',193.8,77.5,6' 5.5'',93.0,7' 9'',6.5,8.25,9.0,37.5,43.5,10.81,2.87,3.25,,,,,,,,,,,,,,,,,,,,,,,,,,0.6,0.0,0.4,0.2,0.2,1.0,0.8,0.6,0.75,1.2,0.6,0.5,5.0,0.0,00,3.4,0.4,0.0,22.0,1627743.0,2.0,0.8,2016-17,0.0,BOS,1610612738.0,0.0
2016,1627744,Brice,Johnson,Brice Johnson,PF,81.0,6' 9'',82.5,6' 10.5'',208.6,84.5,7' 0.5'',106.5,8' 10.5'',7.5,9.0,8.25,33.5,38.0,11.88,2.94,3.2,,,,,,,,,,,,,,,,,,,,,,,,,,0.3,0.3,0.7,0.0,0.0,0.0,2.3,0.7,0.286,0.0,0.0,0.0,3.0,0.0,00,3.1,0.3,0.0,23.0,1627744.0,1.3,1.0,2016-17,0.7,LAC,1610612746.0,0.3
2016,1627745,Damian,Jones,Damian Jones,C,82.25,6' 10.25'',83.5,6' 11.5'',243.6,87.75,7' 3.75'',107.0,8' 11'',6.55,8.75,10.5,36.0,37.0,11.35,3.12,3.2,,2-5,2-5,2-5,1-5,4-5,,,,,,3-5,4-5,2-5,3-5,3-5,3-6,5-6,1-6,,,,18-31,,,0.0,0.4,1.4,0.0,0.0,0.0,1.6,0.8,0.5,1.0,0.3,0.3,10.0,0.0,00,8.5,0.9,1.5,22.0,1627745.0,1.9,2.3,2016-17,0.1,GSW,1610612744.0,0.6
2016,1627746,Skal,Labissiere,Skal Labissiere,PF-C,82.5,6' 10.5'',83.75,6' 11.75'',215.8,86.5,7' 2.5'',105.5,8' 9.5'',5.7,8.75,9.0,,,,,,,,,,,,,,,,,,,,,,,,,,,,,,,0.8,0.4,3.4,0.2,0.1,0.375,6.6,3.5,0.537,2.2,1.6,0.703,33.0,12.0,00,18.5,1.5,1.9,21.0,1627746.0,8.8,4.9,2016-17,0.5,SAC,1610612758.0,1.1
2016,1627774,Jake,Layman,Jake Layman,SF,80.0,6' 8'',81.25,6' 9.25'',208.6,81.25,6' 9.25'',102.0,8' 6'',7.1,8.25,9.25,33.0,39.5,11.35,2.82,3.24,,4-5,4-5,3-5,4-5,4-5,,,,,,3-5,4-5,1-5,4-5,5-5,2-6,5-6,5-6,,,,9-11,6-11,,0.3,0.1,0.5,1.5,0.4,0.255,2.5,0.7,0.292,0.5,0.4,0.765,35.0,1.0,00,7.1,0.2,0.6,23.0,1627774.0,2.2,0.7,2016-17,0.3,POR,1610612757.0,0.3
2016,1627747,Caris,LeVert,Caris LeVert,SG,77.75,6' 5.75'',79.0,6' 7'',191,82.0,6' 10'',101.0,8' 5'',7.55,8.5,9.25,,,,,,,,,,,,,,,,,,,,,,,,,,,,,,,1.9,0.1,2.9,3.2,1.0,0.321,6.7,3.0,0.45,1.6,1.2,0.72,57.0,26.0,00,21.7,0.4,1.6,22.0,1627747.0,8.2,3.3,2016-17,0.9,BKN,1610612751.0,1.0
2016,1629159,Marcus,Lee,Marcus Lee,PF-C,81.0,6' 9'',82.25,6' 10.25'',211,87.0,7' 3'',107.5,8' 11.5'',5.35,9.0,9.0,28.5,35.5,11.68,3.19,3.25,,1-5,1-5,3-5,1-5,3-5,,,,,,1-5,3-5,2-5,2-5,3-5,0-6,3-6,3-6,,,,12-29,,-1.0,,,,,,,,,,,,,,,,,,,,,,,,,,,
2016,1627748,Thon,Maker,Thon Maker,PF,83.75,6' 11.75'',84.75,7' 0.75'',216,87.0,7' 3'',110.5,9' 2.5'',6.05,8.75,9.5,32.0,36.5,11.15,3.09,3.33,,,,,,,,,,,,,,,,,,,,,,,,,,0.4,0.5,1.3,1.3,0.5,0.378,3.2,1.5,0.459,0.9,0.6,0.653,57.0,34.0,00,9.9,0.7,1.5,20.0,1627748.0,4.0,2.0,2016-17,0.2,MIL,1610612749.0,0.3
2016,1627775,Patrick,McCaw,Patrick McCaw,PG-SG,77.25,6' 5.25'',78.75,6' 6.75'',180.8,82.0,6' 10'',100.5,8' 4.5'',4.7,8.75,8.75,30.0,38.0,11.01,2.97,3.3,,2-5,5-5,2-5,2-5,3-5,,,,,,2-5,3-5,4-5,1-5,3-5,4-6,3-6,5-6,,,,6-9,7-11,,1.1,0.2,1.1,1.7,0.6,0.333,3.5,1.5,0.433,0.5,0.4,0.784,71.0,20.0,00,15.1,0.3,0.9,21.0,1627775.0,4.0,1.4,2016-17,0.5,GSW,1610612744.0,0.5
2016,1629005,Malik,Newman,Malik Newman,SG,74.25,6' 2.25'',75.5,6' 3.5'',182.2,77.75,6' 5.75'',97.5,8' 1.5'',5.6,8.25,9.25,30.0,35.5,10.88,3.11,3.28,,3-5,5-5,1-5,4-5,3-5,,,,,,3-5,4-5,3-5,3-5,2-5,4-6,5-6,5-6,,,,21-32,,,0.0,0.0,0.0,1.0,0.0,0.0,2.0,0.0,0.0,2.0,2.0,1.0,1.0,0.0,00,3.7,0.0,0.0,23.0,1629005.0,2.0,0.0,2019-20,0.0,CLE,1610612739.0,1.0
2016,1627777,Georges,Niang,Georges Niang,PF,78.75,6' 6.75'',80.5,6' 8.5'',230.8,82.0,6' 10'',103.0,8' 7'',10.05,9.25,9.25,25.0,31.0,11.64,3.17,3.49,,4-5,3-5,4-5,4-5,5-5,,,,,,5-5,5-5,4-5,3-5,3-5,6-6,2-6,4-6,,,,22-30,,,0.2,0.0,0.7,0.5,0.0,0.083,1.6,0.4,0.25,0.1,0.1,1.0,23.0,0.0,00,4.0,0.1,0.3,24.0,1627777.0,0.9,0.7,2016-17,0.1,IND,1610612754.0,0.2
2016,1627778,Chinanu,Onuaku,Chinanu Onuaku,C,81.0,6' 9'',82.0,6' 10'',245.2,86.75,7' 2.75'',108.5,9' 0.5'',8.55,9.0,8.0,27.5,33.5,11.65,3.0,3.5,,3-5,2-5,4-5,4-5,2-5,,,,,,2-5,2-5,2-5,1-5,1-5,2-6,3-6,4-6,,,,19-33,,,0.6,0.2,1.6,0.0,0.0,0.0,1.4,1.0,0.714,0.8,0.8,1.0,5.0,1.0,00,10.3,0.4,1.2,20.0,1627778.0,2.8,2.0,2016-17,0.6,HOU,1610612745.0,0.8
2016,1627779,Marcus,Paige,Marcus Paige,PG,72.5,6' 0.5'',73.75,6' 1.75'',163.8,78.25,6' 6.25'',97.0,8' 1'',4.3,7.75,8.75,33.5,39.5,10.82,2.69,3.15,,2-5,4-5,1-5,4-5,3-5,,,,,,2-5,3-5,5-5,2-5,2-5,4-6,5-6,5-6,,,,28-35,,,0.6,0.0,0.8,1.6,0.4,0.25,2.8,0.8,0.286,0.4,0.4,1.0,5.0,0.0,00,5.6,0.0,0.0,24.0,1627779.0,2.4,0.8,2017-18,0.0,CHA,1610612766.0,0.0
2016,1627780,Gary,Payton II,Gary Payton II,PG,74.0,6' 2'',75.0,6' 3'',183.8,80.0,6' 8'',99.5,8' 3.5'',3.95,8.75,9.5,31.5,38.5,11.57,3.17,3.23,,2-5,2-5,3-5,4-5,4-5,,,,,,0-5,2-5,4-5,5-5,3-5,2-6,2-6,3-6,,,,6-11,5-10,,2.2,0.7,2.0,1.5,0.2,0.111,3.7,1.3,0.364,0.8,0.5,0.6,6.0,0.0,00,16.5,0.0,1.5,24.0,1627780.0,3.3,2.0,2016-17,0.5,MIL,1610612749.0,1.7
2016,1627751,Jakob,Poeltl,Jakob Poeltl,C,84.25,7' 0.25'',85.0,7' 1'',239,86.75,7' 2.75'',111.5,9' 3.5'',5.8,9.25,10.25,,,,,,,,,,,,,,,,,,,,,,,,,,,,,,,0.2,0.4,1.6,0.0,0.0,0.0,2.1,1.2,0.583,1.1,0.6,0.544,54.0,4.0,00,11.6,1.4,2.1,21.0,1627751.0,3.1,3.1,2016-17,0.3,TOR,1610612761.0,0.5
2016,1627752,Taurean,Prince,Taurean Prince,SF,78.5,6' 6.5'',79.75,6' 7.75'',220.2,83.5,6' 11.5'',102.0,8' 6'',6.45,9.0,8.5,34.0,36.0,10.96,2.8,3.24,,3-5,3-5,2-5,2-5,3-5,,,,,,4-5,0-5,1-5,2-5,1-5,4-6,4-6,3-6,,,,18-34,,,0.9,0.5,2.2,1.7,0.6,0.324,4.8,1.9,0.4,1.6,1.3,0.787,59.0,10.0,00,16.6,0.4,1.6,23.0,1627752.0,5.7,2.7,2016-17,0.7,ATL,1610612737.0,1.0
2016,1627753,Zhou,Qi,Zhou Qi,PF-C,85.25,7' 1.25'',86.25,7' 2.25'',218.2,91.75,7' 7.75'',112.5,9' 4.5'',4.85,9.25,9.5,31.5,32.0,11.27,2.9,3.46,,2-5,2-5,2-5,3-5,4-5,,,,,,4-5,3-5,2-5,3-5,2-5,2-6,4-6,2-6,,,,18-29,,,0.1,0.8,0.9,1.1,0.1,0.105,1.8,0.3,0.188,0.7,0.4,0.667,18.0,0.0,00,6.9,0.3,0.8,22.0,1627753.0,1.2,1.2,2017-18,0.1,HOU,1610612745.0,0.6
2016,1627781,Malachi,Richardson,Malachi Richardson,SG-SF,76.75,6' 4.75'',78.25,6' 6.25'',199.6,84.0,7' 0'',101.5,8' 5.5'',7.0,8.75,10.0,33.0,38.0,10.56,3.25,3.33,,4-5,2-5,5-5,3-5,3-5,,,,,,4-5,2-5,3-5,2-5,3-5,4-6,3-6,6-6,,,,18-28,,,0.5,0.0,0.9,1.3,0.4,0.286,3.1,1.3,0.412,0.9,0.7,0.789,22.0,0.0,00,9.0,0.1,1.0,21.0,1627781.0,3.6,1.0,2016-17,0.2,SAC,1610612758.0,0.4
2016,1627782,Wayne,Selden,Wayne Selden,SG,76.25,6' 4.25'',77.75,6' 5.75'',232.4,82.5,6' 10.5'',101.0,8' 5'',7.3,9.0,9.25,,,,,,,,,,,,,,,,,,,,,,,,,,,,,,,0.3,0.0,1.7,2.3,1.3,0.571,2.7,1.7,0.625,1.3,0.7,0.5,3.0,3.0,00,15.7,0.0,2.0,22.0,1627782.0,5.3,1.7,2016-17,0.7,NOP,1610612740.0,1.0
2016,1627783,Pascal,Siakam,Pascal Siakam,PF,80.25,6' 8.25'',81.5,6' 9.5'',226.6,87.25,7' 3.25'',107.5,8' 11.5'',5.2,9.25,10.0,30.5,36.5,11.25,3.09,3.41,,5-5,1-5,2-5,2-5,4-5,,,,,,2-5,2-5,2-5,3-5,3-5,3-6,1-6,1-6,,,,15-32,,,0.3,0.8,2.2,0.1,0.0,0.143,3.7,1.9,0.502,0.6,0.4,0.688,55.0,38.0,00,15.6,1.2,2.0,23.0,1627783.0,4.2,3.4,2016-17,0.5,TOR,1610612761.0,0.6
2016,1627754,Diamond,Stone,Diamond Stone,C,81.0,6' 9'',82.25,6' 10.25'',254.4,86.75,7' 2.75'',108.5,9' 0.5'',12.85,8.5,7.75,27.0,29.5,12.02,3.22,3.5,,,,,,,,,,,,,,,,,,,,,,,0-0,,,0.0,0.1,0.7,0.0,0.0,0.0,1.9,0.4,0.231,0.6,0.6,1.0,7.0,0.0,00,3.5,0.1,0.7,20.0,1627754.0,1.4,0.9,2016-17,0.0,LAC,1610612746.0,0.3
2016,1628403,Caleb,Swanigan,Caleb Swanigan,PF,79.5,6' 7.5'',80.5,6' 8.5'',246.6,87.5,7' 3.5'',107.0,8' 11'',12.55,9.0,10.25,26.0,29.0,12.8,,,,3-5,1-5,5-5,2-5,4-5,,,,,,4-5,2-5,3-5,4-5,2-5,4-6,3-6,6-6,,,,20-32,,,0.5,0.1,1.4,0.3,0.0,0.125,2.2,0.9,0.4,0.7,0.4,0.667,27.0,3.0,00,7.0,0.6,1.4,21.0,1628403.0,2.3,2.0,2017-18,0.2,POR,1610612757.0,0.7
2016,1628453,Melo,Trimble,Melo Trimble,PG,73.25,6' 1.25'',74.5,6' 2.5'',191.8,74.0,6' 2'',92.5,7' 8.5'',8.35,8.0,8.75,26.5,35.5,10.57,2.77,3.2,,,,,,,3-5,3-5,5-5,3-5,4-5,3-5,3-5,2-5,3-5,3-5,2-6,4-6,6-6,,,,23-36,,-1.0,,,,,,,,,,,,,,,,,,,,,,,,,,,
2016,1627755,Tyler,Ulis,Tyler Ulis,PG,68.75,5' 8.75'',70.0,5' 10'',149.2,74.0,6' 2'',88.5,7' 4.5'',5.2,7.5,7.5,32.5,38.0,10.8,2.88,3.2,,,,,,,,,,,,,,,,,,,,,,,,,,3.7,0.1,1.2,1.3,0.3,0.266,7.2,3.0,0.421,1.2,0.9,0.775,61.0,15.0,00,18.4,0.3,1.2,21.0,1627755.0,7.3,1.6,2016-17,0.8,PHX,1610612756.0,1.3
2016,1627784,Jarrod,Uthoff,Jarrod Uthoff,PF,80.5,6' 8.5'',81.75,6' 9.75'',214.4,83.5,6' 11.5'',104.0,8' 8'',6.0,8.75,9.0,29.0,34.5,11.52,3.03,3.5,,3-5,4-5,5-5,5-5,4-5,,,,,,2-5,3-5,4-5,3-5,3-5,4-6,5-6,6-6,,,,22-32,,,1.0,0.4,1.6,1.0,0.3,0.333,4.2,1.8,0.421,0.8,0.6,0.714,9.0,0.0,00,12.8,0.9,0.9,24.0,1627784.0,4.4,2.4,2016-17,0.2,DAL,1610612742.0,0.3
2016,1627756,Denzel,Valentine,Denzel Valentine,SG-SF,76.0,6' 4'',77.75,6' 5.75'',210.4,82.75,6' 10.75'',102.0,8' 6'',9.2,8.5,9.75,27.0,32.0,10.51,3.22,3.46,,,,,,,,,,,,,,,,,,,,,,,,,,1.1,0.1,2.5,3.6,1.3,0.351,5.1,1.8,0.354,0.3,0.2,0.778,57.0,0.0,00,17.1,0.2,1.5,23.0,1627756.0,5.1,2.6,2016-17,0.5,CHI,1610612741.0,0.9
2016,1627785,Isaiah,Whitehead,Isaiah Whitehead,PG-SG,75.25,6' 3.25'',76.5,6' 4.5'',210,80.75,6' 8.75'',100.0,8' 4'',9.25,8.5,8.75,27.5,35.5,11.65,3.21,3.34,,1-5,3-5,4-5,5-5,4-5,,,,,,4-5,1-5,3-5,2-5,2-5,3-6,3-6,4-6,,,,7-9,5-8,,2.6,0.5,2.1,2.0,0.6,0.295,7.0,2.8,0.402,1.5,1.2,0.805,73.0,26.0,00,22.5,0.4,2.4,22.0,1627785.0,7.4,2.5,2016-17,0.6,BKN,1610612751.0,1.9
2016,1627786,Troy,Williams,Troy Williams,SF,77.75,6' 5.75'',78.75,6' 6.75'',217.8,80.25,6' 8.25'',102.0,8' 6'',10.0,8.25,9.25,30.0,36.0,10.72,3.08,3.35,,1-5,3-5,3-5,5-5,4-5,,,,,,4-5,3-5,3-5,3-5,4-5,4-6,4-6,4-6,,,,19-32,,,0.8,0.4,1.6,1.7,0.4,0.244,5.1,2.1,0.415,1.0,0.6,0.6,24.0,13.0,00,17.4,0.3,1.8,22.0,1627786.0,5.3,1.9,2016-17,1.0,MEM,1610612763.0,1.1
2016,1627787,Kyle,Wiltjer,Kyle Wiltjer,PF,80.75,6' 8.75'',82.0,6' 10'',242.8,84.25,7' 0.25'',102.5,8' 6.5'',15.25,8.25,9.5,28.5,35.5,11.35,3.04,3.48,,5-5,3-5,2-5,5-5,3-5,,,,,,3-5,3-5,4-5,4-5,5-5,4-6,6-6,2-6,,,,27-32,,,0.1,0.1,0.4,0.9,0.3,0.308,1.0,0.3,0.286,0.1,0.1,0.5,14.0,0.0,00,3.1,0.3,0.3,24.0,1627787.0,0.9,0.7,2016-17,0.2,HOU,1610612745.0,0.4
2016,1627757,Stephen,Zimmerman,Stephen Zimmerman,C,82.25,6' 10.25'',83.75,6' 11.75'',234,87.25,7' 3.25'',108.5,9' 0.5'',11.15,9.0,9.0,26.0,31.0,12.08,3.16,3.43,,,,,,,,,,,,,,,,,,,,,,,,,,0.2,0.3,1.3,0.0,0.0,0.0,1.6,0.5,0.323,0.3,0.2,0.6,19.0,0.0,00,5.7,0.6,0.9,20.0,1627757.0,1.2,1.8,2016-17,0.1,ORL,1610612753.0,0.2
2017,1628389,Edrice,Adebayo,Edrice Adebayo,PF-C,80.75,6' 8.75'',75.75,6' 9.75'',242.6,86.75,7' 2.75'',108.0,9' 0'',5.2,9.5,8.75,33.5,38.5,11.94,3.24,3.24,12.0,,,,,,,,,,,,,,,,,,,,,,,,,1.5,0.6,3.8,0.1,0.0,0.0,4.9,2.5,0.512,2.6,1.9,0.721,69.0,19.0,00,19.8,1.7,2.0,20.0,1628389.0,6.9,5.5,2017-18,0.5,MIA,1610612748.0,1.0
2017,1628959,Rawle,Alkins,Rawle Alkins,SG-SF,74.5,6' 2.5'',75.75,6' 3.75'',222.6,80.75,6' 8.75'',99.0,8' 3'',11.0,8.75,10.0,31.5,40.5,11.99,3.18,3.3,7.0,,,,,,4-5,5-5,2-5,1-5,2-5,3-5,3-5,4-5,4-5,3-5,2-6,5-6,3-6,,,,25-39,,,1.3,0.0,1.5,1.2,0.3,0.25,3.9,1.3,0.333,1.2,0.8,0.667,10.0,1.0,00,12.0,1.1,0.7,21.0,1628959.0,3.7,2.6,2018-19,0.1,CHI,1610612741.0,0.8
2017,1628386,Jarrett,Allen,Jarrett Allen,C,81.0,6' 9'',82.25,6' 10.25'',233.6,89.25,7' 5.25'',109.5,9' 1.5'',7.4,9.5,10.5,31.5,35.5,11.82,3.0,3.21,4.0,,,,,,,,,,,,,,,,,,,,,,,,,0.7,1.2,3.4,0.2,0.1,0.333,5.5,3.3,0.589,2.0,1.6,0.776,72.0,31.0,00,20.0,2.0,2.0,20.0,1628386.0,8.2,5.4,2017-18,0.4,BKN,1610612751.0,1.1
2017,1628443,Kadeem,Allen,Kadeem Allen,PG,73.0,6' 1'',74.25,6' 2.25'',192.4,81.25,6' 9.25'',99.5,8' 3.5'',6.4,8.5,8.75,33.0,35.5,11.24,2.98,3.15,7.0,,,,,,3-5,3-5,3-5,2-5,4-5,3-5,4-5,3-5,2-5,2-5,3-6,5-6,4-6,,,,25-35,,,0.7,0.1,0.4,0.6,0.0,0.0,1.2,0.3,0.273,0.5,0.4,0.778,18.0,1.0,00,6.0,0.2,0.8,25.0,1628443.0,1.1,0.6,2017-18,0.2,BOS,1610612738.0,0.5
2017,1628387,Ike,Anigbogu,Ike Anigbogu,C,80.5,6' 8.5'',81.75,6' 9.75'',252.2,90.25,7' 6.25'',110.5,9' 2.5'',5.4,9.5,10.0,29.5,32.5,12.52,3.48,3.44,11.0,,,,,,,,,,,,,,,,,,,,,,,,,0.0,0.3,0.4,0.0,0.0,0.0,0.8,0.4,0.444,0.5,0.5,0.833,11.0,0.0,00,2.7,0.5,0.1,19.0,1628387.0,1.2,0.8,2017-18,0.1,IND,1610612754.0,0.2
2017,1628384,OG,Anunoby,OG Anunoby,SF,78.25,6' 6.25'',79.75,6' 7.75'',232.4,86.25,7' 2.25'',107.5,8' 11.5'',6.8,9.25,9.5,,,,,,,,,,,,,,,,,,,,,,,,,,,,,,,0.7,0.2,1.9,2.7,1.0,0.371,4.7,2.2,0.471,0.8,0.5,0.629,74.0,62.0,00,20.0,0.6,1.8,20.0,1628384.0,5.9,2.5,2017-18,0.7,TOR,1610612761.0,0.6
2017,1628503,Jamel,Artis,Jamel Artis,SG-SF,77.5,6' 5.5'',78.75,6' 6.75'',213.2,82.0,6' 10'',105.0,8' 9'',11.9,9.25,9.75,23.5,31.0,11.62,3.08,3.44,5.0,3-5,2-5,3-5,3-5,3-5,,,,,,2-5,0-5,3-5,4-5,4-5,3-6,4-6,5-6,,,,19-36,,,1.2,0.2,2.3,1.9,0.5,0.276,5.3,2.1,0.392,0.8,0.5,0.583,15.0,1.0,00,18.6,0.3,0.7,25.0,1628503.0,5.1,2.5,2017-18,0.1,ORL,1610612753.0,0.5
2017,1628407,Dwayne,Bacon,Dwayne Bacon,SG-SF,76.75,6' 4.75'',78.25,6' 6.25'',221.6,82.0,6' 10'',103.5,8' 7.5'',7.9,8.75,10.0,30.0,36.5,11.7,3.22,3.22,8.0,,,,,,,,,,,,,,,,,,,,,,,,,0.7,0.0,2.3,0.8,0.2,0.256,3.6,1.4,0.375,0.5,0.4,0.8,53.0,6.0,00,13.5,0.1,0.9,22.0,1628407.0,3.3,2.3,2017-18,0.3,CHA,1610612766.0,0.4
2017,1628431,V.J.,Beachem,V.J. Beachem,SG-SF,78.25,6' 6.25'',80.0,6' 8'',193.4,82.25,6' 10.25'',104.5,8' 8.5'',6.8,8.5,9.0,30.0,37.0,11.18,3.19,3.26,11.0,2-5,3-5,3-5,1-5,4-5,,,,,,2-5,4-5,2-5,2-5,5-5,3-6,5-6,4-6,,,,24-38,,-1.0,,,,,,,,,,,,,,,,,,,,,,,,,,,
2017,1628395,Jordan,Bell,Jordan Bell,PF,79.0,6' 7'',80.5,6' 8.5'',223.6,83.75,6' 11.75'',104.5,8' 8.5'',5.4,9.25,9.5,31.5,38.0,10.63,2.83,3.21,16.0,4-5,1-5,1-5,0-5,2-5,,,,,,4-5,0-5,2-5,2-5,2-5,4-6,3-6,1-6,,,,23-38,,,1.8,1.0,2.6,0.1,0.0,0.0,3.2,2.0,0.627,0.8,0.5,0.682,57.0,13.0,00,14.2,1.1,1.6,23.0,1628395.0,4.6,3.6,2017-18,0.6,GSW,1610612744.0,0.9
2017,1628417,Jaron,Blossomgame,Jaron Blossomgame,SF,77.75,6' 5.75'',78.75,6' 6.75'',218.6,82.0,6' 10'',104.5,8' 8.5'',5.7,8.75,10.25,31.0,35.5,11.47,3.35,3.17,16.0,,,,,,1-5,4-5,0-5,2-5,3-5,2-5,4-5,2-5,2-5,4-5,3-6,2-6,3-6,,,,16-27,,,0.5,0.3,2.7,1.4,0.4,0.256,3.9,1.7,0.443,0.5,0.4,0.769,27.0,4.0,00,16.3,1.0,0.7,25.0,1628417.0,4.2,3.6,2018-19,0.3,CLE,1610612739.0,0.4
2017,1628449,Chris,Boucher,Chris Boucher,PF,80.0,6' 8'',81.5,6' 9.5'',182.2,88.0,7' 4'',110.5,9' 2.5'',5.4,9.25,10.5,,,,,,,,,,,,,,,,,,,,,,,,,,,,,,,0.0,0.0,1.0,1.0,0.0,0.0,1.0,0.0,0.0,0.0,0.0,0.0,1.0,0.0,00,1.3,0.0,0.0,25.0,1628449.0,0.0,1.0,2017-18,0.0,GSW,1610612744.0,0.0
2017,1628396,Tony,Bradley,Tony Bradley,C,81.25,6' 9.25'',82.75,6' 10.75'',248.8,89.0,7' 5'',112.5,9' 4.5'',12.0,9.5,9.5,24.5,27.5,11.79,2.99,3.44,5.0,,,,,,5-5,2-5,4-5,3-5,4-5,3-5,2-5,3-5,1-5,4-5,4-8,3-8,5-8,,,,19-35,,,0.1,0.0,0.8,0.1,0.0,0.0,1.2,0.3,0.273,0.2,0.2,1.0,9.0,0.0,00,3.2,0.4,0.1,20.0,1628396.0,0.9,1.2,2017-18,0.0,UTA,1610612762.0,0.0
2017,1628515,Isaiah,Briscoe,Isaiah Briscoe,PG,73.25,6' 1.25'',74.75,6' 2.75'',222.4,81.0,6' 9'',99.5,8' 3.5'',11.0,9.0,9.25,28.0,33.5,10.95,2.85,3.38,11.0,,,,,,4-5,0-5,1-5,2-5,3-5,4-5,5-5,5-5,3-5,2-5,,,,3-6,3-6,3-6,,22-36,,2.2,0.1,1.8,0.9,0.3,0.324,3.5,1.4,0.399,0.7,0.4,0.577,39.0,0.0,00,14.3,0.1,1.7,23.0,1628515.0,3.5,1.9,2018-19,0.3,ORL,1610612753.0,0.8
2017,1628415,Dillon,Brooks,Dillon Brooks,SG-SF,77.0,6' 5'',78.0,6' 6'',220.2,78.0,6' 6'',100.5,8' 4.5'',7.5,8.25,9.25,31.0,37.5,11.14,3.24,3.21,16.0,,,,,,4-5,5-5,5-5,3-5,3-5,3-5,3-5,5-5,4-5,3-5,3-8,4-8,2-8,,,,24-38,,,1.6,0.2,2.5,3.2,1.1,0.356,9.4,4.1,0.44,2.0,1.5,0.747,82.0,74.0,00,28.7,0.6,2.8,22.0,1628415.0,11.0,3.1,2017-18,0.9,MEM,1610612763.0,1.5
2017,1628418,Thomas,Bryant,Thomas Bryant,PF-C,81.5,6' 9.5'',82.75,6' 10.75'',247.8,90.0,7' 6'',112.5,9' 4.5'',9.4,9.5,10.25,25.5,33.0,11.42,3.12,3.37,7.0,,,,,,,,,,,,,,,,,,,,,,,,,0.4,0.1,0.9,0.7,0.1,0.1,1.4,0.5,0.381,0.6,0.3,0.556,15.0,0.0,00,4.8,0.2,0.4,20.0,1628418.0,1.5,1.1,2017-18,0.1,LAL,1610612747.0,0.1
2017,1628381,John,Collins,John Collins,PF,80.25,6' 8.25'',81.5,6' 9.5'',225.2,83.25,6' 11.25'',106.5,8' 10.5'',5.4,9.0,10.0,33.0,37.5,11.66,3.27,3.27,15.0,,,,,,3-5,2-5,3-5,3-5,3-5,4-5,3-5,5-5,0-5,4-5,3-8,4-8,4-8,,,,21-33,,,1.3,1.1,4.9,0.6,0.2,0.34,7.4,4.2,0.576,2.5,1.8,0.715,74.0,26.0,00,24.1,2.4,2.9,20.0,1628381.0,10.5,7.3,2017-18,0.6,ATL,1610612737.0,1.4
2017,1628380,Zach,Collins,Zach Collins,PF-C,82.25,6' 10.25'',84.0,7' 0'',232.2,85.0,7' 1'',111.0,9' 3'',8.9,8.75,9.25,,,,,,,,,,,,,,,,,,,,,,,,,,,,,,,0.8,0.5,2.7,1.7,0.5,0.31,4.4,1.7,0.398,0.6,0.4,0.643,66.0,1.0,00,15.8,0.7,2.0,20.0,1628380.0,4.4,3.3,2017-18,0.3,POR,1610612757.0,0.9
2017,1628977,Hamidou,Diallo,Hamidou Diallo,SG-SF,75.75,6' 3.75'',77.0,6' 5'',197.4,83.25,6' 11.25'',101.5,8' 5.5'',5.2,8.5,9.5,34.5,44.5,10.88,2.79,3.11,0.0,,,,,,,,,,,,,,,,,,,,,,,,,0.3,0.2,1.2,0.5,0.1,0.167,3.2,1.5,0.455,1.2,0.7,0.61,51.0,3.0,00,10.3,0.7,1.5,20.0,1628977.0,3.7,1.9,2018-19,0.4,OKC,1610612760.0,0.5
2017,1628416,Tyler,Dorsey,Tyler Dorsey,SG,75.0,6' 3'',76.5,6' 4.5'',182.6,77.25,6' 5.25'',99.5,8' 3.5'',4.7,8.5,9.25,30.5,36.0,10.55,2.98,3.16,8.0,,,,,,2-5,2-5,4-5,3-5,2-5,5-5,4-5,2-5,3-5,2-5,3-6,5-6,3-6,,,,20-36,,,1.4,0.1,2.0,3.6,1.3,0.362,6.8,2.6,0.377,1.1,0.8,0.714,56.0,5.0,00,17.4,0.3,1.1,22.0,1628416.0,7.2,2.3,2017-18,0.3,ATL,1610612737.0,0.7
2017,1628422,Damyean,Dotson,Damyean Dotson,SG-SF,76.5,6' 4.5'',77.5,6' 5.5'',205.2,81.0,6' 9'',100.0,8' 4'',5.3,8.5,9.25,31.5,38.0,11.18,3.03,3.13,13.0,,,,,,3-5,5-5,2-5,4-5,1-5,5-5,3-5,3-5,3-5,5-5,,,,4-6,6-6,3-6,,26-37,,0.7,0.0,1.7,1.5,0.5,0.324,3.7,1.6,0.447,0.5,0.4,0.696,44.0,2.0,00,10.8,0.2,0.8,24.0,1628422.0,4.1,1.9,2017-18,0.3,NYK,1610612752.0,0.4
2017,1628408,PJ,Dozier,PJ Dozier,SG,77.25,6' 5.25'',78.75,6' 6.75'',200.6,83.0,6' 11'',101.0,8' 5'',6.1,8.5,9.5,34.0,39.0,10.84,2.98,3.15,9.0,,,,,,2-5,1-5,4-5,1-5,5-5,2-5,3-5,1-5,1-5,3-5,4-6,4-6,2-6,,,,25-37,,,0.0,0.0,0.5,0.0,0.0,0.0,1.0,0.5,0.5,0.0,0.0,0.0,2.0,0.0,00,1.6,0.0,0.5,21.0,1628408.0,1.0,0.5,2017-18,0.0,OKC,1610612760.0,0.5
2017,1628393,Jawun,Evans,Jawun Evans,PG,70.75,5' 10.75'',71.5,5' 11.5'',185.2,77.5,6' 5.5'',95.0,7' 11'',9.1,8.0,7.75,27.5,33.5,11.34,3.26,3.21,1.0,,,,,,,,,,,,,,,,,,,,,,,,,2.1,0.1,1.6,1.1,0.3,0.278,5.3,1.9,0.352,1.0,0.8,0.776,48.0,4.0,00,16.2,0.2,2.0,21.0,1628393.0,4.8,1.8,2017-18,0.8,LAC,1610612746.0,0.9
2017,1628390,Terrance,Ferguson,Terrance Ferguson,SG-SF,77.5,6' 5.5'',79.0,6' 7'',184.4,80.75,6' 8.75'',103.0,8' 7'',5.8,8.5,10.0,28.5,38.0,11.16,3.22,3.32,,,,,,,,,,,,,,,,,,,,,,,,,,0.3,0.2,0.5,2.0,0.7,0.333,2.8,1.1,0.414,0.2,0.1,0.9,61.0,12.0,00,12.5,0.3,1.4,20.0,1628390.0,3.1,0.8,2017-18,0.4,OKC,1610612760.0,0.2
2017,1628368,De?Aaron,Fox,De?Aaron Fox,PG,74.0,6' 2'',75.25,6' 3.25'',169.6,78.5,6' 6.5'',100.0,8' 4'',4.5,8.5,8.5,,,,,,,,,,,,,,,,,,,,,,,,,,,,,,,4.4,0.3,2.3,2.1,0.6,0.307,10.9,4.5,0.412,2.7,1.9,0.723,73.0,61.0,00,27.7,0.5,2.2,20.0,1628368.0,11.6,2.8,2017-18,1.0,SAC,1610612758.0,2.4
2017,1628365,Markelle,Fultz,Markelle Fultz,PG,,,,,,,,,,,,,,,,,,,,,,,,,,,,,,,,,,,,,,,,,,,3.8,0.3,2.3,0.1,0.0,0.0,7.9,3.2,0.405,1.5,0.7,0.476,14.0,0.0,00,18.1,0.8,1.6,20.0,1628365.0,7.1,3.1,2017-18,0.9,PHI,1610612755.0,1.2
2017,1628385,Harry,Giles,Harry Giles,PF,81.25,6' 9.25'',82.5,6' 10.5'',232,87.25,7' 3.25'',109.5,9' 1.5'',5.2,9.5,10.75,27.0,32.5,11.08,3.0,3.34,5.0,,,,,,,,,,,,,,,,,,,,,,,,,1.5,0.4,2.7,0.1,0.0,0.0,6.0,3.0,0.503,1.6,1.0,0.637,58.0,0.0,00,14.1,1.1,2.6,21.0,1628385.0,7.0,3.8,2018-19,0.5,SAC,1610612758.0,1.3
2017,1628404,Josh,Hart,Josh Hart,SG-SF,75.75,6' 3.75'',77.0,6' 5'',209.2,80.25,6' 8.25'',101.0,8' 5'',5.8,8.5,9.5,27.5,35.5,11.15,3.02,3.18,9.0,,,,,,,,,,,,,,,,,,,,,,,,,1.3,0.3,3.5,3.1,1.2,0.396,6.0,2.8,0.469,1.5,1.0,0.702,63.0,23.0,00,23.2,0.7,1.7,23.0,1628404.0,7.9,4.2,2017-18,0.7,LAL,1610612747.0,0.7
2017,1628502,Nigel,Hayes,Nigel Hayes,PF,78.25,6' 6.25'',79.5,6' 7.5'',254.2,87.25,7' 3.25'',104.5,8' 8.5'',11.5,8.75,10.0,29.0,33.5,11.81,2.94,3.27,16.0,,,,,,3-5,3-5,1-5,2-5,4-5,3-5,2-5,2-5,3-5,3-5,1-6,3-6,4-6,,,,12-32,,,1.0,0.0,0.0,1.0,0.0,0.0,1.5,0.5,0.333,0.5,0.5,1.0,2.0,0.0,00,5.4,0.0,0.0,23.0,1628502.0,1.5,0.0,2017-18,0.0,LAL,1610612747.0,0.0
2017,1628439,Isaiah,Hicks,Isaiah Hicks,PF,79.25,6' 7.25'',80.5,6' 8.5'',233.4,84.5,7' 0.5'',105.0,8' 9'',7.7,8.75,9.75,31.5,37.0,12.31,3.31,3.36,11.0,,,,,,,,,,,2-5,2-5,3-5,2-5,2-5,5-6,2-6,4-6,,,,13-24,,,0.9,0.2,1.7,0.5,0.1,0.222,4.0,1.8,0.458,1.0,0.7,0.667,18.0,0.0,00,13.3,0.6,2.5,23.0,1628439.0,4.4,2.3,2017-18,0.1,NYK,1610612752.0,0.9
2017,1628411,Wesley,Iwundu,Wesley Iwundu,SG-SF,77.5,6' 5.5'',78.75,6' 6.75'',193.4,85.0,7' 1'',105.5,8' 9.5'',4.0,8.75,9.5,31.5,36.0,11.25,3.23,3.36,5.0,,,,,,4-5,5-5,3-5,3-5,4-5,4-5,4-5,2-5,3-5,4-5,,,,5-6,4-6,3-6,,16-32,,0.9,0.2,1.6,0.7,0.1,0.196,3.5,1.5,0.427,0.8,0.5,0.723,62.0,12.0,00,16.5,0.6,1.3,23.0,1628411.0,3.7,2.2,2017-18,0.5,ORL,1610612753.0,0.5
2017,1628402,Frank,Jackson,Frank Jackson,PG,74.0,6' 2'',75.5,6' 3.5'',201.6,79.5,6' 7.5'',98.0,8' 2'',6.7,8.25,9.0,34.5,42.0,10.94,2.7,3.14,9.0,,,,,,,,,,,,,,,,,,,,,,,,,1.1,0.0,1.8,2.8,0.9,0.314,7.3,3.2,0.434,1.2,0.9,0.74,61.0,16.0,00,19.2,0.4,1.5,21.0,1628402.0,8.1,2.2,2018-19,0.4,NOP,1610612740.0,0.8
2017,1628992,Justin,Jackson (UMD),Justin Jackson (UMD),SF,77.75,6' 5.75'',79.0,6' 7'',219.4,87.25,7' 3.25'',107.0,8' 11'',7.1,9.0,9.5,26.5,31.5,11.78,3.08,3.43,,,,,,,5-5,5-6,2-5,4-5,4-5,4-5,1-5,3-5,2-5,4-5,5-6,3-6,4-6,,,,23-36,,-1.0,,,,,,,,,,,,,,,,,,,,,,,,,,,
2017,1628382,Justin,Jackson (UNC),Justin Jackson (UNC),SF,79.0,6' 7'',80.25,6' 8.25'',200.8,83.0,6' 11'',104.5,8' 8.5'',8.1,8.75,9.25,29.5,35.5,10.8,3.06,3.3,,,,,,,,,,,,,,,,,,,,,,,,,,1.1,0.2,2.4,2.7,0.8,0.308,6.2,2.7,0.442,0.5,0.4,0.722,68.0,41.0,00,22.2,0.4,1.2,23.0,1628382.0,6.7,2.8,2017-18,0.4,SAC,1610612758.0,0.6
2017,1628514,Peter,Jok,Peter Jok,SG-SF,76.25,6' 4.25'',77.75,6' 5.75'',202.4,80.0,6' 8'',102.0,8' 6'',11.0,8.25,9.5,26.5,31.0,11.34,2.93,3.41,,,,,,,4-5,4-5,4-5,4-5,2-5,3-5,5-5,4-5,4-5,4-5,2-5,5-6,2-6,,,,26-38,,-1.0,,,,,,,,,,,,,,,,,,,,,,,,,,,
2017,1628379,Luke,Kennard,Luke Kennard,SG-SF,76.5,6' 4.5'',77.5,6' 5.5'',196.2,77.25,6' 5.25'',98.5,8' 2.5'',6.6,8.0,8.75,,,,,,,,,,,,,,,,,,,,,,,,,,,,,,,1.7,0.2,2.1,2.7,1.1,0.415,6.4,2.8,0.443,1.0,0.9,0.855,73.0,9.0,00,20.0,0.3,1.2,22.0,1628379.0,7.6,2.4,2017-18,0.6,DET,1610612765.0,0.9
2017,1628398,Kyle,Kuzma,Kyle Kuzma,SF-SG,80.0,6' 8'',81.5,6' 9.5'',222.6,84.25,7' 0.25'',107.5,8' 11.5'',9.4,8.5,9.5,27.0,34.0,10.72,2.98,3.25,12.0,,,,,,,,,,,,,,,,,,,,,,,,,1.8,0.4,5.1,5.6,2.1,0.366,13.5,6.1,0.45,2.7,1.9,0.707,77.0,37.0,00,31.2,1.1,2.1,22.0,1628398.0,16.1,6.3,2017-18,0.6,LAL,1610612747.0,1.8
2017,1628388,TJ,Leaf,TJ Leaf,PF,80.75,6' 8.75'',81.75,6' 9.75'',222.2,83.0,6' 11'',107.0,8' 11'',6.8,8.5,9.5,29.0,34.5,11.55,3.27,3.27,6.0,,,,,,,,,,,,,,,,,,,,,,,,,0.2,0.1,1.0,0.8,0.3,0.429,2.6,1.2,0.471,0.3,0.2,0.625,53.0,0.0,00,8.7,0.5,0.8,21.0,1628388.0,2.9,1.5,2017-18,0.1,IND,1610612754.0,0.2
2017,1628399,Tyler,Lydon,Tyler Lydon,PF,80.25,6' 8.25'',81.5,6' 9.5'',215,84.0,7' 0'',107.5,8' 11.5'',13.6,8.75,8.75,29.5,33.5,11.68,2.81,3.46,1.0,,,,,,4-5,3-5,4-5,4-5,4-5,4-5,4-5,5-5,2-5,3-5,4-8,4-8,3-8,,,,27-35,,,0.0,0.0,0.0,0.0,0.0,0.0,0.0,0.0,0.0,0.0,0.0,0.0,1.0,0.0,00,2.2,0.0,0.0,22.0,1628399.0,0.0,0.0,2017-18,0.0,DEN,1610612743.0,0.0
2017,1628412,Frank,Mason III,Frank Mason III,PG,71.0,5' 11'',72.0,6' 0'',188.8,75.25,6' 3.25'',94.0,7' 10'',4.3,8.0,9.25,34.0,41.0,11.41,3.09,3.18,15.0,,,,,,5-5,4-5,4-5,1-5,4-5,3-5,4-5,3-5,1-5,3-5,4-7,5-5,5-6,,,,20-35,,,2.8,0.2,1.9,1.7,0.6,0.36,7.3,2.8,0.379,2.2,1.8,0.817,52.0,2.0,00,18.9,0.6,1.4,24.0,1628412.0,7.9,2.5,2017-18,0.7,SAC,1610612758.0,1.3
2017,1628452,Kennedy,Meeks,Kennedy Meeks,C,80.75,6' 8.75'',82.25,6' 10.25'',276.6,85.0,7' 1'',106.0,8' 10'',11.5,8.75,8.75,28.0,30.5,12.91,3.35,3.5,15.0,3-5,5-5,5-5,1-5,2-5,,,,,,4-5,0-5,2-5,4-5,4-5,3-6,2-6,2-6,,,,26-38,,-1.0,,,,,,,,,,,,,,,,,,,,,,,,,,,
2017,1628378,Donovan,Mitchell,Donovan Mitchell,SG,73.25,6' 1.25'',75.0,6' 3'',211.4,82.0,6' 10'',97.0,8' 1'',5.9,8.5,9.5,36.5,40.5,11.53,3.07,3.01,10.0,,,,,,,,,,,,,,,,,,,,,,,,,3.7,0.3,3.1,7.0,2.4,0.34,17.2,7.5,0.437,3.8,3.0,0.805,79.0,71.0,00,33.4,0.7,2.7,21.0,1628378.0,20.5,3.7,2017-18,1.5,UTA,1610612762.0,2.7
2017,1628420,Monte,Morris,Monte Morris,PG,73.25,6' 1.25'',74.5,6' 2.5'',175.2,76.0,6' 4'',96.5,8' 0.5'',6.9,8.25,8.75,28.0,33.5,11.0,3.2,3.19,8.0,,,,,,5-5,3-5,5-5,2-5,2-5,2-5,5-5,2-5,3-5,3-5,6-6,5-6,5-6,,,,26-34,,,2.3,0.0,0.7,0.3,0.0,0.0,2.0,1.3,0.667,0.7,0.7,1.0,3.0,0.0,00,8.4,0.0,0.3,23.0,1628420.0,3.3,0.7,2017-18,1.0,DEN,1610612743.0,0.3
2017,1628405,Johnathan,Motley,Johnathan Motley,PF,79.75,6' 7.75'',80.75,6' 8.75'',238.2,88.0,7' 4'',108.0,9' 0'',,9.0,9.5,,,,,,,,,,,,,,,,,,,,,,,,,,,,,,,0.6,0.2,3.2,0.5,0.1,0.167,6.8,3.6,0.533,2.5,1.4,0.536,11.0,4.0,00,16.0,1.3,1.6,23.0,1628405.0,8.7,4.5,2017-18,0.3,DAL,1610612742.0,0.8
2017,1629004,Svi,Mykhailiuk,Svi Mykhailiuk,SG-SF,78.5,6' 6.5'',79.5,6' 7.5'',219.6,77.0,6' 5'',100.0,8' 4'',11.4,8.0,9.25,27.0,33.0,12.4,3.25,3.53,8.0,,,,,,4-5,4-5,5-5,4-5,2-5,4-5,5-5,5-5,1-5,5-5,4-8,6-8,2-8,,,,26-37,,,0.8,0.0,0.7,2.2,0.7,0.318,3.4,1.1,0.333,0.5,0.3,0.6,39.0,0.0,00,10.8,0.2,0.6,22.0,1629004.0,3.3,0.9,2018-19,0.3,LAL,1610612747.0,0.5
2017,1628400,Semi,Ojeleye,Semi Ojeleye,SF-SG,77.25,6' 5.25'',78.75,6' 6.75'',241.4,81.75,6' 9.75'',102.0,8' 6'',5.5,8.75,9.5,35.0,40.5,10.58,3.07,3.16,19.0,,,,,,,,,,,,,,,,,,,,,,,,,0.3,0.1,1.7,1.7,0.5,0.32,2.6,0.9,0.346,0.6,0.3,0.61,73.0,0.0,00,15.8,0.5,1.2,23.0,1628400.0,2.7,2.2,2017-18,0.3,BOS,1610612738.0,0.3
2017,1628419,Cameron,Oliver,Cameron Oliver,PF,79.0,6' 7'',80.25,6' 8.25'',238.6,85.25,7' 1.25'',106.5,8' 10.5'',7.7,9.5,10.25,28.0,39.5,12.17,3.31,3.16,5.0,4-5,3-5,4-5,2-5,2-5,1-5,1-5,2-5,3-5,2-5,,,,,,,,,,,,,,-1.0,,,,,,,,,,,,,,,,,,,,,,,,,,,
2017,1628383,Justin,Patton,Justin Patton,C,82.0,6' 10'',83.25,6' 11.25'',229,87.0,7' 3'',111.5,9' 3.5'',7.8,8.75,9.75,26.0,30.5,11.8,3.31,3.46,,,,,,,,,,,,,,,,,,,,,,,,,,0.0,0.0,0.0,0.0,0.0,0.0,2.0,1.0,0.5,0.0,0.0,0.0,1.0,0.0,00,3.7,0.0,1.0,21.0,1628383.0,2.0,0.0,2017-18,1.0,MIN,1610612750.0,0.0
2017,1628409,Alec,Peters,Alec Peters,PF,79.25,6' 7.25'',80.75,6' 8.75'',232,82.75,6' 10.75'',105.0,8' 9'',8.8,8.75,10.0,,,,,,,,,,,,,,,,,,,,,,,,,,,,,,,0.6,0.1,1.5,2.9,0.9,0.31,3.7,1.4,0.378,0.5,0.4,0.8,20.0,0.0,00,11.2,0.4,0.7,23.0,1628409.0,4.1,1.9,2017-18,0.1,PHX,1610612756.0,0.2
2017,1628397,Ivan,Rabb,Ivan Rabb,PF,80.75,6' 8.75'',82.0,6' 10'',219.6,85.5,7' 1.5'',109.0,9' 1'',6.8,8.75,9.0,28.5,32.5,12.68,3.23,3.35,3.0,,,,,,,,,,,,,,,,,,,,,,,,,0.9,0.4,2.9,0.0,0.0,0.0,4.2,2.4,0.566,1.0,0.8,0.806,36.0,5.0,00,14.3,1.5,1.5,21.0,1628397.0,5.6,4.4,2017-18,0.3,MEM,1610612763.0,1.0
2017,1628432,Davon,Reed,Davon Reed,SG-SF,76.5,6' 4.5'',77.5,6' 5.5'',206.2,84.0,7' 0'',102.0,8' 6'',6.5,9.25,9.5,28.5,36.0,11.37,3.21,3.34,12.0,,,,,,,,,,,,,,,,,,,,,,,,,0.6,0.1,1.8,1.8,0.5,0.289,3.6,1.0,0.289,0.6,0.4,0.667,21.0,1.0,00,11.5,0.1,0.8,23.0,1628432.0,3.0,1.9,2017-18,0.5,PHX,1610612756.0,0.5
2017,1628421,Devin,Robinson,Devin Robinson,SF,79.0,6' 7'',80.25,6' 8.25'',189.6,84.75,7' 0.75'',106.0,8' 10'',3.2,9.25,10.25,35.5,41.5,12.85,3.61,3.23,10.0,,,,,,2-5,2-5,4-5,3-5,2-5,,,,,,,,,,,,,,,0.0,0.0,3.0,0.0,0.0,0.0,3.0,1.0,0.333,0.0,0.0,0.0,1.0,0.0,00,13.2,2.0,2.0,23.0,1628421.0,2.0,5.0,2017-18,1.0,WAS,1610612764.0,0.0
2017,1628424,Kobi,Simmons,Kobi Simmons,PG,75.25,6' 3.25'',76.5,6' 4.5'',166.2,78.0,6' 6'',99.0,8' 3'',5.0,8.5,9.5,30.5,38.5,11.15,2.98,3.18,3.0,,,,,,2-5,5-5,3-5,2-5,3-5,4-5,4-5,4-5,2-5,1-5,,,,3-6,5-6,4-6,,17-34,,2.1,0.2,1.1,1.2,0.3,0.282,5.9,2.5,0.423,0.8,0.8,1.0,32.0,12.0,00,20.1,0.4,1.9,20.0,1628424.0,6.1,1.6,2017-18,0.6,MEM,1610612763.0,1.4
2017,1628410,Edmond,Sumner,Edmond Sumner,PG,76.0,6' 4'',77.75,6' 5.75'',176.4,81.0,6' 9'',102.5,8' 6.5'',8.3,8.25,9.0,,,,,,,,,,,,,,,,,,,,,,,,,,,,,,,0.0,0.0,1.0,0.0,0.0,0.0,1.0,1.0,1.0,0.0,0.0,0.0,1.0,0.0,00,2.2,0.0,1.0,22.0,1628410.0,2.0,1.0,2017-18,0.0,IND,1610612754.0,0.0
2017,1628403,Caleb,Swanigan,Caleb Swanigan,PF,79.5,6' 7.5'',80.5,6' 8.5'',245.6,87.0,7' 3'',108.0,9' 0'',,9.5,10.25,,,,,,,,,,,,,,,,,,,,,,,,,,,,,,,0.5,0.1,1.4,0.3,0.0,0.125,2.2,0.9,0.4,0.7,0.4,0.667,27.0,3.0,00,7.0,0.6,1.4,21.0,1628403.0,2.3,2.0,2017-18,0.2,POR,1610612757.0,0.7
2017,1628414,Sindarius,Thornwell,Sindarius Thornwell,SG-SF,75.5,6' 3.5'',76.75,6' 4.75'',211.6,82.0,6' 10'',103.0,8' 7'',7.8,8.75,8.75,27.0,30.5,11.48,3.03,3.36,15.0,,,,,,4-5,4-5,3-5,3-5,2-5,1-5,3-5,4-5,1-5,3-5,5-8,5-8,3-8,,,,23-39,,,0.9,0.3,1.5,0.8,0.3,0.377,3.2,1.4,0.429,1.2,0.8,0.67,73.0,16.0,00,15.8,0.5,1.7,23.0,1628414.0,3.9,1.9,2017-18,0.7,LAC,1610612746.0,0.7
2017,1628453,Melo,Trimble,Melo Trimble,PG,73.25,6' 1.25'',74.5,6' 2.5'',195.2,74.0,6' 2'',95.5,7' 11.5'',10.6,8.0,8.75,24.5,32.0,10.75,2.92,3.27,6.0,,,,,,4-5,5-5,2-5,4-5,5-5,3-5,3-5,3-5,1-5,4-5,,,,4-6,4-6,4-6,,26-39,-1.0,,,,,,,,,,,,,,,,,,,,,,,,,,,
2017,1629021,Moritz,Wagner,Moritz Wagner,PF,82.0,6' 10'',83.25,6' 11.25'',231.2,84.0,7' 0'',108.0,9' 0'',6.7,8.75,10.75,25.5,32.5,12.0,2.98,3.35,,,,,,,3-5,3-5,4-5,5-5,2-5,4-5,2-5,4-5,4-5,1-5,,,,3-6,2-6,5-6,,22-36,,0.6,0.3,1.6,1.8,0.5,0.286,4.0,1.7,0.415,1.2,1.0,0.811,43.0,5.0,00,10.4,0.4,1.3,22.0,1629021.0,4.8,2.0,2018-19,0.3,LAL,1610612747.0,0.9
2017,1628476,Derrick,Walton Jr.,Derrick Walton Jr.,PG,71.0,5' 11'',72.75,6' 0.75'',188.6,74.5,6' 2.5'',95.0,7' 11'',5.8,8.0,8.5,26.0,32.5,11.28,3.12,3.29,9.0,,,,,,,,,,,5-5,2-5,2-5,4-5,4-5,5-6,2-6,4-6,,,,32-39,,,1.0,0.2,0.9,1.1,0.4,0.412,1.6,0.5,0.32,0.4,0.4,1.0,16.0,0.0,00,9.2,0.1,0.4,23.0,1628476.0,1.8,1.0,2017-18,0.4,MIA,1610612748.0,0.1
2017,1629118,Thomas,Welsh,Thomas Welsh,PF-C,83.5,6' 11.5'',84.5,7' 0.5'',254,84.0,7' 0'',109.5,9' 1.5'',10.9,9.0,10.5,,,,,,11.0,,,,,,,,,,,,,,,,,,,,,,,,,0.5,0.0,0.4,0.6,0.3,0.429,1.2,0.6,0.538,0.2,0.1,0.5,11.0,0.0,00,3.3,0.0,0.3,23.0,1629118.0,1.6,0.4,2018-19,0.0,DEN,1610612743.0,0.1
2017,1628401,Derrick,White,Derrick White,PG,75.25,6' 3.25'',76.5,6' 4.5'',189.8,79.5,6' 7.5'',101.5,8' 5.5'',6.2,8.25,8.5,31.0,36.5,10.84,2.92,3.08,10.0,,,,,,3-5,1-5,5-5,2-5,3-5,4-5,3-5,2-5,2-5,3-5,2-6,1-6,5-6,,,,23-33,,,0.5,0.2,1.2,0.8,0.5,0.615,1.9,0.9,0.485,1.2,0.8,0.7,17.0,0.0,00,8.2,0.3,0.5,23.0,1628401.0,3.2,1.5,2017-18,0.2,SAS,1610612759.0,0.4
2017,1628430,Nigel,Williams-Goss,Nigel Williams-Goss,PG,73.5,6' 1.5'',75.0,6' 3'',190.2,79.25,6' 7.25'',99.0,8' 3'',5.6,8.75,9.25,27.5,34.5,10.42,3.08,3.19,10.0,,,,,,,,,,,,,,,,,,,,,,,,,0.6,0.1,0.3,0.2,0.0,0.0,0.8,0.1,0.143,0.2,0.2,1.0,9.0,0.0,00,3.1,0.2,0.2,25.0,1628430.0,0.4,0.6,2019-20,0.1,UTA,1610612762.0,0.2
2017,1628391,D.J.,Wilson,D.J. Wilson,PF,80.75,6' 8.75'',82.5,6' 10.5'',234.4,87.0,7' 3'',109.5,9' 1.5'',6.4,9.25,10.25,,,,,,,,,,,,,,,,,,,,,,,,,,,,,,,0.1,0.0,0.4,0.2,0.1,0.4,0.7,0.4,0.563,0.1,0.0,0.5,22.0,0.0,00,3.2,0.1,0.3,22.0,1628391.0,1.0,0.5,2017-18,0.1,MIL,1610612749.0,0.2
2017,1962937123,Omer,Yurtseven,Omer Yurtseven,C,82.5,6' 10.5'',83.75,6' 11.75'',248.4,85.0,7' 1'',108.5,9' 0.5'',7.6,9.0,10.5,26.0,31.5,12.85,3.3,3.45,6.0,,2-5,1-5,1-5,3-5,3-5,1-5,2-5,2-5,1-5,,,,,,,,,,,,,,-1.0,,,,,,,,,,,,,,,,,,,,,,,,,,,
2018,1628959,Rawle,Alkins,Rawle Alkins,SG,74.75,6' 2.75'',76.25,6' 4.25'',217.4,80.75,6' 8.75'',99.0,8' 3'',8.9,8.5,10.0,32.5,40.5,11.5,3.09,3.15,10.0,2-5,4-5,3-5,4-5,3-5,,,,,,1-5,4-5,3-5,5-5,2-5,2-4,1-4,2-4,,,,27-34,,,1.3,0.0,1.5,1.2,0.3,0.25,3.9,1.3,0.333,1.2,0.8,0.667,10.0,1.0,00,12.0,1.1,0.7,21.0,1628959.0,3.7,2.6,2018-19,0.1,CHI,1610612741.0,0.8
2018,1628960,Grayson,Allen,Grayson Allen,SG,75.0,6' 3'',76.5,6' 4.5'',198,79.25,6' 7.25'',97.0,8' 1'',5.55,8.25,10.0,32.5,40.5,10.31,3.04,3.15,,,,,,,,,,,,,,,,,,,,,,,,,,0.7,0.2,0.5,2.6,0.8,0.323,4.7,1.8,0.376,1.6,1.2,0.75,38.0,2.0,00,11.0,0.1,1.2,23.0,1628960.0,5.6,0.6,2018-19,0.2,UTA,1610612762.0,0.9
2018,1628961,Kostas,Antetokounmpo,Kostas Antetokounmpo,PF,81.0,6' 9'',82.5,6' 10.5'',194.8,86.25,7' 2.25'',110.0,9' 2'',5.0,9.25,9.5,29.5,35.0,12.48,3.48,3.21,0.0,3-5,2-5,2-5,3-5,3-5,,,,,,2-5,1-5,3-5,3-5,4-5,2-4,1-4,1-4,,,,15-30,,,0.0,0.0,0.5,0.0,0.0,0.0,1.5,0.0,0.0,2.0,1.0,0.5,2.0,0.0,00,5.3,0.0,0.0,21.0,1628961.0,1.0,0.5,2018-19,1.0,DAL,1610612742.0,0.5
2018,1628962,Udoka,Azubuike,Udoka Azubuike,C,82.0,6' 10'',84.25,7' 0.25'',273.8,91.0,7' 7'',112.5,9' 4.5'',7.95,9.5,10.0,31.0,31.5,12.97,3.65,3.12,11.0,,,,,,,,,,,,,,,,,,,,,,,,-1.0,,,,,,,,,,,,,,,,,,,,,,,,,,,
2018,1628964,Mohamed,Bamba,Mohamed Bamba,C,83.25,6' 11.25'',84.75,7' 0.75'',225.6,94.0,7' 10'',115.5,9' 7.5'',6.2,9.75,10.25,,,,,,,,,,,,,,,,,,,,,,,,,,,,,,,0.8,1.4,3.6,1.5,0.4,0.3,5.2,2.5,0.481,1.3,0.8,0.587,47.0,1.0,00,16.3,1.4,2.2,21.0,1628964.0,6.2,5.0,2018-19,0.3,ORL,1610612753.0,0.9
2018,1628965,Jaylen,Barford,Jaylen Barford,PG-SG,73.25,6' 1.25'',74.25,6' 2.25'',207.6,75.5,6' 3.5'',96.5,8' 0.5'',11.65,8.0,8.25,27.0,33.0,11.39,3.21,3.31,7.0,2-5,3-5,3-5,4-5,4-5,,,,,,4-5,2-5,1-5,3-6,3-5,3-4,3-4,3-4,,,,19-34,,-1.0,,,,,,,,,,,,,,,,,,,,,,,,,,,
2018,1628966,Keita,Bates-Diop,Keita Bates-Diop,SG-SF,79.25,6' 7.25'',80.5,6' 8.5'',223.8,87.25,7' 3.25'',106.5,8' 10.5'',5.35,9.0,8.5,30.5,35.0,11.2,3.28,3.17,11.0,2-5,4-5,5-5,5-5,4-5,,,,,,3-5,3-5,1-5,3-5,4-5,1-4,1-4,3-4,,,,13-21,2-10,,0.6,0.5,2.2,1.7,0.4,0.25,4.7,2.0,0.423,0.9,0.6,0.643,30.0,3.0,00,16.8,0.5,1.0,23.0,1628966.0,5.0,2.8,2018-19,0.6,MIN,1610612750.0,0.5
2018,1628967,Tyus,Battle,Tyus Battle,SG,77.0,6' 5'',78.75,6' 6.75'',200.2,81.0,6' 9'',102.0,8' 6'',4.0,8.5,9.25,32.0,37.5,11.04,2.87,3.07,9.0,4-5,4-5,4-5,2-5,4-5,,,,,,4-5,4-5,4-5,2-5,4-5,3-4,6-8,7-10,,,,,,-1.0,,,,,,,,,,,,,,,,,,,,,,,,,,,
2018,1628968,Brian,Bowen,Brian Bowen,SG-SF,78.25,6' 6.25'',79.5,6' 7.5'',202,82.25,6' 10.25'',103.5,8' 7.5'',7.6,9.0,10.0,30.5,34.0,11.58,3.33,3.28,0.0,2-5,3-5,3-5,3-5,2-5,,,,,,3-5,3-5,2-5,2-5,2-5,3-4,3-4,1-4,,,,17-29,,,0.0,0.2,1.2,0.4,0.0,0.0,1.8,0.4,0.222,0.0,0.0,0.0,5.0,1.0,00,5.8,0.2,0.4,21.0,1628968.0,0.8,1.4,2019-20,0.0,IND,1610612754.0,0.2
2018,1628970,Miles,Bridges,Miles Bridges,SF,77.25,6' 5.25'',78.75,6' 6.75'',220.4,81.5,6' 9.5'',103.5,8' 7.5'',5.9,9.0,9.75,,,,,,,,,,,,,,,,,,,,,,,,,,,,,,,1.2,0.6,3.2,2.5,0.8,0.325,6.4,3.0,0.464,1.0,0.7,0.753,80.0,25.0,00,21.2,0.8,1.4,21.0,1628970.0,7.5,4.0,2018-19,0.7,CHA,1610612766.0,0.6
2018,1628971,Bruce,Brown,Bruce Brown,SG-PG,75.5,6' 3.5'',77.0,6' 5'',194.6,81.0,6' 9'',98.5,8' 2.5'',3.75,8.5,8.5,32.5,38.0,11.11,3.44,3.2,17.0,,,,,,,,,,,,,,,,,,,,,,,,,1.2,0.5,1.9,1.3,0.3,0.258,4.2,1.7,0.398,0.8,0.6,0.75,74.0,56.0,00,19.6,0.6,2.4,22.0,1628971.0,4.3,2.5,2018-19,0.5,DET,1610612765.0,0.6
2018,1628972,Troy,Brown,Troy Brown,SF,77.75,6' 5.75'',78.75,6' 6.75'',208,82.25,6' 10.25'',105.0,8' 9'',7.05,9.0,9.75,26.0,33.0,11.51,3.29,3.33,5.0,,,,,,,,,,,,,,,,,,,,,,,,,1.5,0.1,2.1,1.3,0.4,0.319,4.5,1.9,0.415,0.9,0.6,0.681,52.0,10.0,00,14.0,0.7,1.1,19.0,1628972.0,4.8,2.8,2018-19,0.4,WAS,1610612764.0,0.6
2018,1628973,Jalen,Brunson,Jalen Brunson,PG,73.0,6' 1'',74.25,6' 2.25'',198.4,76.0,6' 4'',96.0,8' 0'',6.7,8.25,9.25,29.0,37.0,10.59,3.11,3.15,7.0,,,,,,,,,,,,,,,,,,,,,,,,,3.2,0.1,2.0,2.5,0.9,0.348,7.7,3.6,0.467,1.6,1.2,0.725,73.0,38.0,00,21.8,0.3,1.7,22.0,1628973.0,9.3,2.3,2018-19,0.5,DAL,1610612742.0,1.2
2018,1628974,Tony,Carr,Tony Carr,PG,75.0,6' 3'',76.5,6' 4.5'',198.8,80.25,6' 8.25'',100.0,8' 4'',6.5,8.5,9.75,25.0,31.5,11.89,3.4,3.17,0.0,2-5,4-5,4-5,4-5,5-5,,,,,,5-5,4-5,4-5,3-5,4-5,2-4,1-4,3-4,,,,20-29,,-1.0,,,,,,,,,,,,,,,,,,,,,,,,,,,
2018,1628975,Jevon,Carter,Jevon Carter,PG,72.25,6' 0.25'',73.5,6' 1.5'',196.2,76.25,6' 4.25'',95.0,7' 11'',4.15,9.25,8.5,29.0,36.5,11.04,3.05,3.18,14.0,3-5,4-5,3-5,4-5,3-5,,,,,,5-5,3-5,4-5,3-5,3-5,2-4,1-4,4-4,,,,22-31,,,1.8,0.3,1.3,2.6,0.9,0.333,4.7,1.4,0.303,0.8,0.7,0.813,39.0,3.0,00,14.8,0.4,1.4,23.0,1628975.0,4.4,1.7,2018-19,0.7,MEM,1610612763.0,0.8
2018,1628976,Wendell,Carter,Wendell Carter,C-PF,80.75,6' 8.75'',82.0,6' 10'',251.4,88.5,7' 4.5'',109.0,9' 1'',7.85,8.5,9.0,,,,,,,,,,,,,,,,,,,,,,,,,,,,,,,1.8,1.3,5.0,0.7,0.1,0.188,8.4,4.1,0.485,2.5,2.0,0.795,44.0,44.0,00,25.2,2.0,3.5,20.0,1628976.0,10.3,7.0,2018-19,0.6,CHI,1610612741.0,1.5
2018,1628978,Donte,DiVincenzo,Donte DiVincenzo,SG,75.5,6' 3.5'',76.5,6' 4.5'',200.6,78.0,6' 6'',97.5,8' 1.5'',5.0,8.25,9.0,34.5,42.0,10.72,3.12,3.11,12.0,5-5,5-5,4-5,4-5,5-5,,,,,,2-5,2-5,4-5,4-5,3-5,2-4,3-4,4-4,,,,14-29,,,1.1,0.2,1.8,3.1,0.8,0.265,4.6,1.9,0.403,0.4,0.3,0.75,27.0,0.0,00,15.2,0.6,1.4,22.0,1628978.0,4.9,2.4,2018-19,0.5,MIL,1610612749.0,0.7
2018,1628977,Hamidou,Diallo,Hamidou Diallo,SG,76.25,6' 4.25'',78.0,6' 6'',197,83.5,6' 11.5'',103.0,8' 7'',4.45,8.75,9.0,32.5,40.5,10.53,3.14,3.1,1.0,,,,,,,,,,,,,,,,,,,,,,,,,0.3,0.2,1.2,0.5,0.1,0.167,3.2,1.5,0.455,1.2,0.7,0.61,51.0,3.0,00,10.3,0.7,1.5,20.0,1628977.0,3.7,1.9,2018-19,0.4,OKC,1610612760.0,0.5
2018,1628979,Trevon,Duval,Trevon Duval,PG,73.5,6' 1.5'',74.5,6' 2.5'',191,80.25,6' 8.25'',97.5,8' 1.5'',5.2,8.75,10.0,34.0,41.5,10.93,3.09,3.18,6.0,,,,,,,,,,,,,,,,,,,,,,,,,0.7,0.0,0.3,0.3,0.3,1.0,1.0,0.7,0.667,0.0,0.0,0.0,3.0,0.0,00,1.9,0.0,0.0,20.0,1628979.0,1.7,0.3,2018-19,0.0,MIL,1610612749.0,0.0
2018,1629035,Carsen,Edwards,Carsen Edwards,PG,70.75,5' 10.75'',72.0,6' 0'',195.6,78.25,6' 6.25'',94.5,7' 10.5'',6.3,8.5,9.25,28.5,34.5,11.59,3.15,3.2,12.0,5-5,3-5,3-5,2-5,4-5,,,,,,2-5,5-5,3-5,4-5,3-5,3-4,3-4,1-4,,,,22-25,,,0.6,0.1,1.1,1.9,0.6,0.309,3.2,1.1,0.327,0.4,0.3,0.846,35.0,0.0,00,9.0,0.2,0.9,22.0,1629035.0,3.0,1.2,2019-20,0.3,BOS,1610612738.0,0.4
2018,1628980,Jacob,Evans,Jacob Evans,SG-SF,76.25,6' 4.25'',77.5,6' 5.5'',199.6,81.25,6' 9.25'',102.5,8' 6.5'',6.5,9.0,9.25,28.0,35.5,11.11,3.14,3.2,8.0,,,,,,,,,,,,,,,,,,,,,,,,,0.8,0.1,0.6,0.5,0.1,0.267,1.8,0.6,0.34,0.0,0.0,0.0,30.0,1.0,00,6.8,0.2,0.9,22.0,1628980.0,1.3,0.8,2018-19,0.2,GSW,1610612744.0,0.4
2018,1629037,Keenan,Evans,Keenan Evans,PG,73.5,6' 1.5'',75.0,6' 3'',183.2,77.25,6' 5.25'',98.0,8' 2'',6.5,8.5,8.0,,,,,,,,,,,,,,,,,,,,,,,,,,,,,,-1.0,,,,,,,,,,,,,,,,,,,,,,,,,,,
2018,1628981,Bruno,Fernando,Bruno Fernando,C,80.75,6' 8.75'',81.75,6' 9.75'',233.2,88.25,7' 4.25'',109.0,9' 1'',5.25,9.5,10.0,29.0,35.0,12.19,3.03,3.23,11.0,,,,,,3-5,3-5,4-5,3-5,3-5,4-5,2-5,4-5,3-5,3-5,2-4,1-4,2-4,2-4,2-4,2-4,21-30,,,0.9,0.3,2.3,0.7,0.1,0.135,3.6,1.8,0.518,0.9,0.5,0.569,56.0,13.0,00,12.7,1.2,1.9,21.0,1628981.0,4.3,3.5,2019-20,0.3,ATL,1610612737.0,0.8
2018,1628982,Melvin,Frazier,Melvin Frazier,SF-SG,76.5,6' 4.5'',78.0,6' 6'',198.2,85.75,7' 1.75'',105.0,8' 9'',7.9,9.5,9.5,31.0,40.5,11.24,3.08,3.08,0.0,,,,,,,,,,,,,,,,,,,,,,,,,0.1,0.0,0.2,0.6,0.0,0.0,2.1,0.7,0.333,0.4,0.1,0.25,10.0,0.0,00,4.4,0.3,0.6,22.0,1628982.0,1.5,0.5,2018-19,0.1,ORL,1610612753.0,0.1
2018,1628983,Shai,Gilgeous-Alexander,Shai Gilgeous-Alexander,PG,76.5,6' 4.5'',78.0,6' 6'',180,83.5,6' 11.5'',104.0,8' 8'',3.0,9.0,9.0,,,,,,,,,,,,,,,,,,,,,,,,,,,,,,,3.3,0.5,2.1,1.7,0.6,0.367,8.7,4.2,0.476,2.4,1.9,0.8,82.0,73.0,00,26.5,0.7,2.1,20.0,1628983.0,10.8,2.8,2018-19,1.2,LAC,1610612746.0,1.7
2018,1628984,Devonte,Graham,Devonte Graham,PG,72.25,6' 0.25'',73.5,6' 1.5'',186.4,78.25,6' 6.25'',96.0,8' 0'',4.8,8.5,9.5,31.0,37.0,11.28,3.15,3.21,14.0,3-5,3-5,2-5,2-5,3-5,,,,,,3-5,3-5,3-5,4-5,2-5,2-4,1-4,3-4,,,,23-35,,,2.6,0.0,1.2,2.6,0.7,0.281,4.7,1.6,0.343,1.0,0.8,0.761,46.0,3.0,00,14.7,0.2,1.0,24.0,1628984.0,4.7,1.4,2018-19,0.5,CHA,1610612766.0,0.7
2018,1629036,Isaac,Haas,Isaac Haas,C,85.25,7' 1.25'',86.75,7' 2.75'',303,89.0,7' 5'',111.5,9' 3.5'',12.55,10.0,10.5,,,,,,,,,,,,,,,,,,,,,,,,,,,,,,-1.0,,,,,,,,,,,,,,,,,,,,,,,,,,,
2018,1628985,Devon,Hall,Devon Hall,SG,76.25,6' 4.25'',78.0,6' 6'',206.4,79.75,6' 7.75'',102.0,8' 6'',8.45,8.5,10.0,25.0,31.0,10.95,3.16,3.27,6.0,3-5,5-5,3-5,5-5,3-5,,,,,,4-5,4-5,4-5,3-5,4-5,2-4,3-4,3-4,2-4,3-4,4-4,25-34,,,0.6,0.0,0.2,0.4,0.0,0.0,1.0,0.2,0.2,0.8,0.6,0.75,5.0,0.0,00,3.9,0.0,0.2,24.0,1628985.0,1.0,0.2,2019-20,0.0,OKC,1610612760.0,0.2
2018,1628986,Jaylen,Hands,Jaylen Hands,PG,73.5,6' 1.5'',74.75,6' 2.75'',179,77.5,6' 5.5'',98.0,8' 2'',5.0,8.0,8.0,31.5,39.5,12.11,3.16,3.13,6.0,3-5,5-5,3-5,5-5,3-5,,,,,,2-5,3-5,3-5,1-5,3-5,2-4,3-4,1-4,,,,22-34,,-1.0,,,,,,,,,,,,,,,,,,,,,,,,,,,
2018,1628987,Kevin,Hervey,Kevin Hervey,PF,78.5,6' 6.5'',79.75,6' 7.75'',211.6,87.5,7' 3.5'',107.0,8' 11'',5.15,9.25,10.25,27.5,32.0,11.28,3.15,3.36,4.0,,,,,,3-5,3-5,3-5,4-5,3-5,3-5,3-5,3-5,3-5,3-5,2-4,1-4,2-4,2-4,3-4,2-4,28-36,,,0.1,0.0,0.3,1.1,0.0,0.0,1.6,0.1,0.091,0.0,0.0,0.0,7.0,0.0,00,2.8,0.0,0.1,23.0,1628987.0,0.3,0.3,2019-20,0.0,OKC,1610612760.0,0.0
2018,1628988,Aaron,Holiday,Aaron Holiday,PG,71.75,5' 11.75'',72.75,6' 0.75'',187,79.5,6' 7.5'',97.0,8' 1'',6.4,8.75,8.5,25.5,33.0,10.96,3.22,3.27,,5-5,3-5,4-5,3-5,5-5,,,,,,3-5,5-5,5-5,3-5,3-5,0-4,3-4,3-4,,,,,18-28,,1.7,0.3,1.2,2.5,0.9,0.339,5.2,2.1,0.401,1.0,0.8,0.82,50.0,0.0,00,12.9,0.1,1.4,22.0,1628988.0,5.9,1.3,2018-19,0.4,IND,1610612754.0,0.8
2018,1628989,Kevin,Huerter,Kevin Huerter,SG,78.25,6' 6.25'',79.25,6' 7.25'',194,79.5,6' 7.5'',101.5,8' 5.5'',8.6,8.25,8.5,31.0,38.0,10.89,2.97,3.09,9.0,,,,,,3-5,3-5,2-5,3-5,5-5,3-5,4-5,3-5,5-5,5-5,1-4,2-4,1-4,1-4,3-4,3-4,27-31,,,2.9,0.3,2.5,4.7,1.8,0.385,8.8,3.7,0.419,0.7,0.5,0.732,75.0,59.0,00,27.3,0.8,2.1,20.0,1628989.0,9.7,3.3,2018-19,0.9,ATL,1610612737.0,1.5
2018,1628991,Jaren,Jackson,Jaren Jackson,PF-C,81.75,6' 9.75'',83.25,6' 11.25'',236,89.25,7' 5.25'',110.0,9' 2'',7.2,10.0,10.0,,,,,,,,,,,,,,,,,,,,,,,,,,,,,,,1.1,1.4,3.4,2.4,0.9,0.359,10.2,5.1,0.506,3.4,2.6,0.766,58.0,56.0,00,26.1,1.3,3.8,19.0,1628991.0,13.8,4.7,2018-19,0.9,MEM,1610612763.0,1.7
2018,1628992,Justin,Jackson,Justin Jackson,PF,78.0,6' 6'',78.75,6' 6.75'',229.4,87.0,7' 3'',105.0,8' 9'',8.9,9.0,9.5,,,,,,,,,,,,,,,,,,,,,,,,,,,,,,-1.0,,,,,,,,,,,,,,,,,,,,,,,,,,,
2018,1628993,Alize,Johnson,Alize Johnson,PF,79.25,6' 7.25'',80.0,6' 8'',216.6,80.75,6' 8.75'',103.0,8' 7'',8.1,8.5,9.75,25.0,31.0,11.83,3.28,3.38,8.0,1-5,3-5,5-5,1-5,2-5,,,,,,2-5,2-5,2-5,3-5,2-5,2-4,3-4,1-4,,,,15-30,,,0.1,0.2,1.1,0.1,0.1,0.5,1.1,0.3,0.25,0.6,0.3,0.5,14.0,0.0,00,4.6,0.3,0.5,23.0,1628993.0,0.9,1.4,2018-19,0.1,IND,1610612754.0,0.0
2018,1628994,George,King,George King,SF-SG,76.75,6' 4.75'',78.0,6' 6'',218.6,83.5,6' 11.5'',101.5,8' 5.5'',7.25,9.0,10.25,31.0,39.0,10.75,3.08,3.29,15.0,4-5,3-5,4-5,4-5,3-5,,,,,,3-5,1-5,4-5,2-5,2-5,2-4,3-4,3-4,2-4,3-4,2-4,19-28,,,0.0,0.0,1.0,0.0,0.0,0.0,0.0,0.0,0.0,0.0,0.0,0.0,1.0,0.0,00,5.9,0.0,0.0,25.0,1628994.0,0.0,1.0,2018-19,0.0,PHX,1610612756.0,0.0
2018,1628995,Kevin,Knox,Kevin Knox,SF,79.75,6' 7.75'',81.0,6' 9'',212.6,83.75,6' 11.75'',108.0,9' 0'',4.95,8.75,9.25,,,,,,,,,,,,,,,,,,,,,,,,,,,,,,,1.1,0.3,3.7,4.9,1.7,0.343,12.2,4.5,0.37,3.0,2.2,0.717,75.0,57.0,00,28.8,0.8,2.3,19.0,1628995.0,12.8,4.5,2018-19,0.6,NYK,1610612752.0,1.5
2018,1628996,Sagaba,Konate,Sagaba Konate,C,78.5,6' 6.5'',79.5,6' 7.5'',246,84.0,7' 0'',106.5,8' 10.5'',7.35,9.25,10.0,31.5,35.0,12.28,3.36,3.28,12.0,3-5,4-5,3-5,3-5,3-5,,,,,,3-5,2-5,3-5,0-5,3-5,3-4,2-4,4-4,,,,19-31,,-1.0,,,,,,,,,,,,,,,,,,,,,,,,,,,
2018,1628997,Caleb,Martin,Caleb Martin,SF-SG,76.75,6' 4.75'',78.0,6' 6'',195.8,82.0,6' 10'',101.5,8' 5.5'',7.0,8.5,8.75,29.0,36.5,10.43,2.75,3.26,6.0,4-5,5-5,4-5,3-5,2-5,,,,,,1-5,3-5,3-5,3-5,3-5,2-4,1-4,2-4,2-4,2-4,3-4,20-29,,,1.3,0.4,1.6,2.1,1.1,0.541,4.7,2.1,0.44,1.2,0.9,0.81,18.0,1.0,00,17.6,0.6,1.8,24.0,1628997.0,6.2,2.1,2019-20,0.7,CHA,1610612766.0,0.8
2018,1628998,Cody,Martin,Cody Martin,SG-SF,76.75,6' 4.75'',78.0,6' 6'',188.6,82.25,6' 10.25'',102.5,8' 6.5'',5.45,8.5,9.0,29.0,36.5,10.64,3.05,3.09,4.0,1-5,3-5,3-5,3-5,2-5,,,,,,5-5,3-5,1-5,4-5,3-5,2-4,3-4,3-4,3-4,4-4,2-4,19-23,,,2.0,0.2,2.5,1.6,0.4,0.234,4.3,1.9,0.43,1.4,0.9,0.646,48.0,3.0,00,18.8,0.8,1.6,24.0,1628998.0,5.0,3.3,2019-20,0.8,CHA,1610612766.0,0.9
2018,1628999,Yante,Maten,Yante Maten,PF-C,79.25,6' 7.25'',80.5,6' 8.5'',246.2,84.5,7' 0.5'',107.5,8' 11.5'',8.1,9.25,10.0,27.0,31.5,11.35,3.13,3.17,18.0,3-5,3-5,2-5,4-5,2-5,,,,,,4-5,3-5,1-5,3-5,3-5,4-8,3-8,5-8,,,,16-27,,,0.0,0.0,1.0,0.5,0.0,0.0,2.0,0.5,0.25,0.0,0.0,0.0,2.0,0.0,00,6.5,0.5,0.0,22.0,1628999.0,1.0,1.5,2018-19,0.5,MIA,1610612748.0,0.0
2018,1629000,Brandon,McCoy,Brandon McCoy,C,83.5,6' 11.5'',84.5,7' 0.5'',250.4,86.0,7' 2'',110.5,9' 2.5'',8.7,9.75,9.5,27.5,32.0,11.77,3.31,3.23,9.0,3-4,3-5,2-5,3-5,4-5,,,,,,4-5,4-5,1-5,4-5,1-5,1-4,3-4,2-4,,,,19-28,,-1.0,,,,,,,,,,,,,,,,,,,,,,,,,,,
2018,1629001,DeAnthony,Melton,DeAnthony Melton,SG-PG,74.25,6' 2.25'',75.25,6' 3.25'',193.2,80.5,6' 8.5'',99.5,8' 3.5'',5.2,8.5,9.5,31.0,36.5,11.48,3.33,3.23,1.0,4-5,3-5,5-5,1-5,1-5,,,,,,4-5,3-5,2-5,2-5,3-5,2-4,4-4,3-4,,,,18-29,,,3.2,0.5,2.2,1.9,0.6,0.305,5.1,2.0,0.391,0.6,0.4,0.75,50.0,31.0,00,19.7,0.5,2.3,21.0,1629001.0,5.0,2.7,2018-19,1.4,PHX,1610612756.0,1.5
2018,1629002,Chimezie,Metu,Chimezie Metu,PF-C,80.5,6' 8.5'',81.5,6' 9.5'',219.6,84.5,7' 0.5'',108.0,9' 0'',5.05,9.0,9.25,29.5,36.0,11.89,3.25,3.33,5.0,,,,,,3-5,2-5,3-5,2-5,3-5,2-5,3-5,5-5,3-5,3-5,4-4,1-4,1-4,,,,,22-31,,0.4,0.1,0.9,0.1,0.0,0.0,2.0,0.7,0.328,0.6,0.4,0.765,29.0,0.0,00,5.0,0.3,0.5,22.0,1629002.0,1.8,1.2,2018-19,0.2,SAS,1610612759.0,0.5
2018,1629003,Shake,Milton,Shake Milton,SG-PG,76.5,6' 4.5'',77.5,6' 5.5'',207.2,84.75,7' 0.75'',99.5,8' 3.5'',6.8,8.75,9.5,30.0,33.0,11.07,3.19,3.25,2.0,,,,,,4-5,2-5,3-5,4-5,2-5,2-5,3-5,3-5,4-5,5-5,3-4,2-4,2-4,1-4,2-4,2-4,20-28,,,0.9,0.4,1.3,2.2,0.7,0.318,4.4,1.7,0.391,0.4,0.3,0.714,20.0,0.0,00,13.4,0.5,1.5,22.0,1629003.0,4.4,1.8,2018-19,0.4,PHI,1610612755.0,0.3
2018,1629004,Sviatoslav,Mykhailiuk,Sviatoslav Mykhailiuk,SG-SF,78.5,6' 6.5'',79.75,6' 7.75'',211.6,76.75,6' 4.75'',100.0,8' 4'',8.45,8.25,9.5,30.5,37.0,11.25,3.18,3.15,4.0,2-5,4-5,2-5,3-5,5-5,,,,,,3-5,4-5,4-5,3-5,4-5,7-8,6-8,5-8,,,,,,,0.8,0.0,0.7,2.2,0.7,0.318,3.4,1.1,0.333,0.5,0.3,0.6,39.0,0.0,00,10.8,0.2,0.6,22.0,1629004.0,3.3,0.9,2018-19,0.3,LAL,1610612747.0,0.5
2018,1629005,Malik,Newman,Malik Newman,SG,74.5,6' 2.5'',75.25,6' 3.25'',189.2,77.5,6' 5.5'',98.5,8' 2.5'',6.25,8.5,9.5,27.5,33.5,10.9,3.18,3.13,,,,,,,,,,,,,,,,,,,,,,,,,,0.0,0.0,0.0,1.0,0.0,0.0,2.0,0.0,0.0,2.0,2.0,1.0,1.0,0.0,00,3.7,0.0,0.0,23.0,1629005.0,2.0,0.0,2019-20,0.0,CLE,1610612739.0,1.0
2018,1629006,Josh,Okogie,Josh Okogie,SG,75.0,6' 3'',76.5,6' 4.5'',210.8,84.0,7' 0'',102.0,8' 6'',5.2,9.0,9.75,33.0,42.0,11.08,3.03,3.04,12.0,4-5,5-5,5-5,5-5,4-5,,,,,,3-5,2-5,4-5,4-5,3-5,2-4,4-4,4-4,,,,16-31,,,1.2,0.4,2.4,2.9,0.8,0.279,6.9,2.6,0.386,2.2,1.6,0.728,74.0,52.0,00,23.7,0.6,2.2,20.0,1629006.0,7.7,2.9,2018-19,1.2,MIN,1610612750.0,0.9
2018,1629033,Theo,Pinson,Theo Pinson,SG-SF,77.0,6' 5'',78.75,6' 6.75'',211.2,82.75,6' 10.75'',103.5,8' 7.5'',7.35,9.0,9.0,27.0,34.0,11.53,3.11,3.22,7.0,3-5,4-5,5-5,2-5,5-5,,,,,,2-5,3-5,2-5,3-5,4-5,1-4,1-4,1-4,,,,17-35,,,1.2,0.0,1.8,2.6,0.7,0.261,4.1,1.4,0.342,1.2,1.1,0.864,18.0,0.0,00,11.7,0.2,0.8,23.0,1629033.0,4.5,2.0,2018-19,0.3,BKN,1610612751.0,1.0
2018,1629007,Jontay,Porter,Jontay Porter,C-PF,82.0,6' 10'',83.5,6' 11.5'',236,84.25,7' 0.25'',109.0,9' 1'',13.85,8.75,9.5,25.5,31.0,11.9,3.07,3.4,9.0,4-5,3-5,4-5,4-5,3-5,,,,,,2-5,5-5,3-5,2-5,4-5,1-4,3-4,3-4,,,,5-10,11-19,-1.0,,,,,,,,,,,,,,,,,,,,,,,,,,,
2018,1629008,Michael,Porter,Michael Porter,SF-PF,81.5,6' 9.5'',82.75,6' 10.75'',211,84.25,7' 0.25'',108.5,9' 0.5'',6.4,8.75,9.25,,,,,,,,,,,,,,,,,,,,,,,,,,,,,,,0.7,0.4,3.0,2.1,0.9,0.422,5.9,2.9,0.495,0.9,0.7,0.767,48.0,1.0,00,14.0,1.1,1.6,22.0,1629008.0,7.5,4.1,2019-20,0.4,DEN,1610612743.0,0.7
2018,1629009,Billy,Preston,Billy Preston,PF,80.75,6' 8.75'',82.5,6' 10.5'',222.4,86.0,7' 2'',108.0,9' 0'',5.45,9.25,9.5,25.0,33.0,11.26,3.35,3.2,0.0,,,,,,,,,,,,,,,,,,,,,,,,-1.0,,,,,,,,,,,,,,,,,,,,,,,,,,,
2018,1629010,Jerome,Robinson,Jerome Robinson,SG,76.0,6' 4'',77.0,6' 5'',188.4,79.25,6' 7.25'',98.0,8' 2'',6.05,9.0,10.0,,,,,,,,,,,,,,,,,,,,,,,,,,,,,,,0.6,0.1,1.2,1.7,0.5,0.316,3.3,1.3,0.4,0.3,0.2,0.667,33.0,0.0,00,9.7,0.1,1.4,22.0,1629010.0,3.4,1.2,2018-19,0.3,LAC,1610612746.0,0.4
2018,1629012,Collin,Sexton,Collin Sexton,PG,72.5,6' 0.5'',73.5,6' 1.5'',183,79.25,6' 7.25'',98.5,8' 2.5'',5.6,8.25,8.5,,,,,,,,,,,,,,,,,,,,,,,,,,,,,,,3.0,0.1,2.2,3.6,1.5,0.402,14.7,6.3,0.43,3.1,2.6,0.839,82.0,72.0,00,31.8,0.7,2.3,20.0,1629012.0,16.7,2.9,2018-19,0.5,CLE,1610612739.0,2.3
2018,1629013,Landry,Shamet,Landry Shamet,PG,76.0,6' 4'',77.25,6' 5.25'',188.6,78.75,6' 6.75'',100.0,8' 4'',4.85,8.0,9.0,31.0,39.5,11.26,3.21,3.11,8.0,4-5,4-5,5-5,4-5,4-5,,,,,,4-5,5-5,3-5,3-5,3-5,3-4,3-4,3-4,,,,26-35,,,1.1,0.1,1.2,4.5,1.8,0.404,6.4,2.8,0.441,1.0,0.8,0.815,54.0,4.0,00,20.5,0.3,2.0,22.0,1629013.0,8.3,1.4,2018-19,0.4,PHI,1610612755.0,0.5
2018,1629014,Anfernee,Simons,Anfernee Simons,SG-PG,74.25,6' 2.25'',75.25,6' 3.25'',183.2,81.25,6' 9.25'',99.5,8' 3.5'',7.7,8.75,9.0,32.0,41.5,11.27,3.16,3.1,1.0,,,,,,,,,,,,,,,,,,,,,,,,,0.7,0.0,0.5,1.5,0.5,0.345,3.2,1.4,0.444,0.8,0.5,0.563,20.0,1.0,00,7.0,0.2,0.5,20.0,1629014.0,3.8,0.7,2018-19,0.1,POR,1610612757.0,0.6
2018,1629015,Zhaire,Smith,Zhaire Smith,SF-SG,74.75,6' 2.75'',76.0,6' 4'',198.6,81.75,6' 9.75'',100.0,8' 4'',6.05,8.75,8.25,33.0,41.5,11.02,3.15,3.05,10.0,,,,,,,,,,,,,,,,,,,,,,,,,1.7,0.3,1.7,2.7,1.0,0.375,5.7,2.3,0.412,1.3,1.0,0.75,6.0,2.0,00,18.4,0.5,1.3,20.0,1629015.0,6.7,2.2,2018-19,0.3,PHI,1610612755.0,1.0
2018,1629034,Ray,Spalding,Ray Spalding,PF,81.0,6' 9'',82.25,6' 10.25'',215.4,88.75,7' 4.75'',109.0,9' 1'',5.55,9.25,9.0,26.0,32.0,11.48,3.2,3.34,12.0,,,,,,3-5,3-5,4-5,3-5,4-5,4-5,2-5,4-5,3-5,3-5,1-4,1-4,3-4,1-4,3-4,2-4,15-30,,,0.0,0.0,0.0,0.0,0.0,0.0,0.0,0.0,0.0,0.0,0.0,0.0,1.0,0.0,00,0.9,0.0,0.0,22.0,1629034.0,0.0,0.0,2018-19,0.0,DAL,1610612742.0,0.0
2018,1629016,Omari,Spellman,Omari Spellman,PF-C,80.0,6' 8'',81.25,6' 9.25'',253.8,86.0,7' 2'',107.5,8' 11.5'',13.75,9.0,9.0,28.5,35.5,12.28,3.35,3.38,8.0,4-5,2-5,4-5,3-5,4-5,,,,,,2-5,4-5,3-5,2-5,2-5,3-4,2-4,1-4,,,,18-30,,,1.0,0.5,2.7,2.8,1.0,0.344,5.3,2.1,0.402,1.0,0.7,0.711,46.0,11.0,00,17.5,1.6,1.5,21.0,1629016.0,5.9,4.2,2018-19,0.6,ATL,1610612737.0,0.7
2018,1629017,Khyri,Thomas,Khyri Thomas,SG,74.5,6' 2.5'',75.75,6' 3.75'',198.8,82.5,6' 10.5'',101.0,8' 5'',6.4,8.75,9.25,30.0,35.0,10.96,3.18,3.18,14.0,,,,,,,,,,,,,,,,,,,,,,,,,0.3,0.2,0.6,1.3,0.4,0.286,2.7,0.8,0.319,0.4,0.3,0.636,26.0,0.0,00,7.5,0.2,0.8,23.0,1629017.0,2.3,0.8,2018-19,0.3,DET,1610612765.0,0.2
2018,1629018,Gary,Trent,Gary Trent,SG,76.25,6' 4.25'',77.75,6' 5.75'',204.2,80.75,6' 8.75'',98.0,8' 2'',7.0,8.5,9.5,33.5,39.5,11.37,2.99,3.12,12.0,1-5,4-5,4-5,3-5,4-5,,,,,,3-5,3-5,5-5,3-5,2-5,4-4,3-4,4-4,,,,18-25,,,0.3,0.1,0.7,1.4,0.3,0.238,3.3,1.1,0.32,0.5,0.2,0.429,15.0,1.0,00,7.4,0.1,0.3,20.0,1629018.0,2.7,0.7,2018-19,0.1,POR,1610612757.0,0.3
2018,1629019,Allonzo,Trier,Allonzo Trier,SG,75.75,6' 3.75'',77.25,6' 5.25'',198,78.75,6' 6.75'',98.0,8' 2'',4.95,8.25,10.5,32.0,40.0,11.02,2.97,3.14,11.0,,,,,,5-5,4-5,4-5,5-5,5-5,4-5,2-5,4-5,4-5,3-5,4-4,1-4,1-4,2-4,4-4,4-4,20-28,,,1.9,0.2,2.6,2.1,0.8,0.394,8.1,3.6,0.448,3.5,2.8,0.803,64.0,3.0,00,22.8,0.5,1.8,23.0,1629019.0,10.9,3.1,2018-19,0.4,NYK,1610612752.0,1.8
2018,1629021,Moritz,Wagner,Moritz Wagner,C-PF,82.5,6' 10.5'',83.5,6' 11.5'',241.4,84.0,7' 0'',108.0,9' 0'',6.75,9.0,10.75,27.0,34.0,11.48,3.07,3.18,8.0,,,,,,,,,,,,,,,,,,,,,,,,,0.6,0.3,1.6,1.8,0.5,0.286,4.0,1.7,0.415,1.2,1.0,0.811,43.0,5.0,00,10.4,0.4,1.3,22.0,1629021.0,4.8,2.0,2018-19,0.3,LAL,1610612747.0,0.9
2018,1629022,Lonnie,Walker,Lonnie Walker,SG,75.75,6' 3.75'',76.5,6' 4.5'',196.2,82.25,6' 10.25'',99.5,8' 3.5'',5.65,9.0,9.5,31.5,40.0,10.87,2.91,3.06,12.0,,,,,,,,,,,,,,,,,,,,,,,,,0.5,0.2,1.0,0.8,0.3,0.385,2.7,0.9,0.348,0.6,0.5,0.8,17.0,0.0,00,6.9,0.0,0.4,20.0,1629022.0,2.6,1.0,2018-19,0.4,SAS,1610612759.0,0.2
2018,1629023,PJ,Washington,PJ Washington,PF,78.5,6' 6.5'',80.0,6' 8'',223,86.5,7' 2.5'',107.0,8' 11'',6.85,9.0,10.25,27.0,34.0,11.39,3.43,3.2,3.0,3-5,3-5,1-5,1-5,4-5,,,,,,0-5,2-5,4-5,2-5,1-5,1-4,2-4,0-4,,,,20-32,,,2.1,0.8,4.4,4.0,1.5,0.374,10.2,4.6,0.455,2.3,1.5,0.647,58.0,57.0,00,30.3,1.0,2.7,21.0,1629023.0,12.2,5.4,2019-20,0.9,CHA,1610612766.0,1.6
2018,1629024,Austin,Wiley,Austin Wiley,C,80.25,6' 8.25'',82.0,6' 10'',249.4,89.0,7' 5'',111.0,9' 3'',5.0,9.75,10.25,28.0,33.5,12.79,3.27,3.3,14.0,2-5,3-5,3-5,1-5,2-5,,,,,,0-5,2-5,4-5,3-5,1-5,1-4,0-4,1-4,2-4,3-4,3-4,18-29,,-1.0,,,,,,,,,,,,,,,,,,,,,,,,,,,
2018,1629025,Kris,Wilkes,Kris Wilkes,SF,78.5,6' 6.5'',79.5,6' 7.5'',205,82.25,6' 10.25'',103.5,8' 7.5'',5.15,8.75,9.25,28.0,35.5,11.29,3.16,3.24,1.0,3-5,4-5,2-5,2-5,3-5,,,,,,4-5,2-5,4-5,1-5,2-5,2-4,1-4,1-4,,,,16-32,,-1.0,,,,,,,,,,,,,,,,,,,,,,,,,,,
2018,1629026,Kenrich,Williams,Kenrich Williams,SF,78.0,6' 6'',79.5,6' 7.5'',200.4,79.25,6' 7.25'',103.5,8' 7.5'',5.95,8.5,9.75,28.0,33.0,10.86,3.28,3.19,14.0,4-5,2-5,3-5,4-5,3-5,,,,,,4-5,1-5,4-5,4-5,1-5,3-8,2-8,2-8,,,,19-29,,,1.8,0.4,3.6,3.4,1.1,0.333,6.1,2.3,0.384,0.4,0.3,0.684,46.0,29.0,00,23.5,1.2,2.1,24.0,1629026.0,6.1,4.8,2018-19,1.0,NOP,1610612740.0,0.8
2018,1629027,Trae,Young,Trae Young,PG,72.5,6' 0.5'',73.75,6' 1.75'',177.8,75.0,6' 3'',95.5,7' 11.5'',5.35,8.0,9.25,,,,,,,,,,,,,,,,,,,,,,,,,,,,,,,8.1,0.2,2.9,6.0,1.9,0.324,15.5,6.5,0.418,5.1,4.2,0.829,81.0,81.0,00,30.9,0.8,1.7,20.0,1629027.0,19.1,3.7,2018-19,0.9,ATL,1610612737.0,3.8
